"instruction","domain","intent","sub_intent","tool","response_mode","entity_product","entity_merchant","entity_brand","entity_category","entity_price_min","entity_price_max","entity_location","entity_radius","requires_memory","requires_rag","requires_recommendation","planner_action","workflow_type","planner_actions","planner_action_count","tool_sequence"
"Show me my profile","ACCOUNT","PROFILE","PROFILE","firestore","functional","","","","","","","","",,,,"SHOW_PROFILE","single","SHOW_PROFILE","1","firestore"
"What's my account info","ACCOUNT","PROFILE","PROFILE","firestore","functional","","","","","","","","",,,,"SHOW_PROFILE","single","SHOW_PROFILE","1","firestore"
"Open my profile page","ACCOUNT","PROFILE","PROFILE","firestore","functional","","","","","","","","",,,,"SHOW_PROFILE","single","SHOW_PROFILE","1","firestore"
"Show my personal details","ACCOUNT","PROFILE","PROFILE","firestore","functional","","","","","","","","",,,,"SHOW_PROFILE","single","SHOW_PROFILE","1","firestore"
"What's my email on file","ACCOUNT","PROFILE","PROFILE","firestore","functional","","","","email","","","","",,,,"SHOW_PROFILE","single","SHOW_PROFILE","1","firestore"
"Display my account information","ACCOUNT","PROFILE","PROFILE","firestore","functional","","","","","","","","",,,,"SHOW_PROFILE","single","SHOW_PROFILE","1","firestore"
"Can I see my profile","ACCOUNT","PROFILE","PROFILE","firestore","functional","","","","","","","","",,,,"SHOW_PROFILE","single","SHOW_PROFILE","1","firestore"
"Show my user profile","ACCOUNT","PROFILE","PROFILE","firestore","functional","","","","","","","","",,,,"SHOW_PROFILE","single","SHOW_PROFILE","1","firestore"
"What's my registered phone number","ACCOUNT","PROFILE","PROFILE","firestore","functional","","","","phone","","","","",,,,"SHOW_PROFILE","single","SHOW_PROFILE","1","firestore"
"Show me my name and email","ACCOUNT","PROFILE","PROFILE","firestore","functional","","","","name_email","","","","",,,,"SHOW_PROFILE","single","SHOW_PROFILE","1","firestore"
"Open account details","ACCOUNT","PROFILE","PROFILE","firestore","functional","","","","","","","","",,,,"SHOW_PROFILE","single","SHOW_PROFILE","1","firestore"
"View my profile","ACCOUNT","PROFILE","PROFILE","firestore","functional","","","","","","","","",,,,"SHOW_PROFILE","single","SHOW_PROFILE","1","firestore"
"What info do you have about me","ACCOUNT","PROFILE","PROFILE","firestore","functional","","","","","","","","",,,,"SHOW_PROFILE","single","SHOW_PROFILE","1","firestore"
"Show my account summary","ACCOUNT","PROFILE","PROFILE","firestore","functional","","","","","","","","",,,,"SHOW_PROFILE","single","SHOW_PROFILE","1","firestore"
"Display my personal info","ACCOUNT","PROFILE","PROFILE","firestore","functional","","","","","","","","",,,,"SHOW_PROFILE","single","SHOW_PROFILE","1","firestore"
"What's on my profile","ACCOUNT","PROFILE","PROFILE","firestore","functional","","","","","","","","",,,,"SHOW_PROFILE","single","SHOW_PROFILE","1","firestore"
"Can you show my details","ACCOUNT","PROFILE","PROFILE","firestore","functional","","","","","","","","",,,,"SHOW_PROFILE","single","SHOW_PROFILE","1","firestore"
"Show me who I am in the app","ACCOUNT","PROFILE","PROFILE","firestore","functional","","","","","","","","",,,,"SHOW_PROFILE","single","SHOW_PROFILE","1","firestore"
"Open my personal page","ACCOUNT","PROFILE","PROFILE","firestore","functional","","","","","","","","",,,,"SHOW_PROFILE","single","SHOW_PROFILE","1","firestore"
"Show my registered address","ACCOUNT","PROFILE","PROFILE","firestore","functional","","","","address","","","","",,,,"SHOW_PROFILE","single","SHOW_PROFILE","1","firestore"
"What's my membership info","ACCOUNT","PROFILE","PROFILE","firestore","functional","","","","membership","","","","",,,,"SHOW_PROFILE","single","SHOW_PROFILE","1","firestore"
"View account overview","ACCOUNT","PROFILE","PROFILE","firestore","functional","","","","","","","","",,,,"SHOW_PROFILE","single","SHOW_PROFILE","1","firestore"
"Show me my purchase history","ACCOUNT","PURCHASE_HISTORY","PURCHASE_HISTORY","firestore","hybrid","","","","","","","","",,,,"SHOW_PURCHASE_HISTORY","single","SHOW_PURCHASE_HISTORY","1","firestore"
"What did I buy last week","ACCOUNT","PURCHASE_HISTORY","PURCHASE_HISTORY","firestore","hybrid","","","","","","","","",,,,"SHOW_PURCHASE_HISTORY","single","SHOW_PURCHASE_HISTORY","1","firestore"
"Show my recent orders","ACCOUNT","PURCHASE_HISTORY","PURCHASE_HISTORY","firestore","hybrid","","","","","","","","",,,,"SHOW_PURCHASE_HISTORY","single","SHOW_PURCHASE_HISTORY","1","firestore"
"What did I purchase at REWE","ACCOUNT","PURCHASE_HISTORY","PURCHASE_HISTORY","firestore","hybrid","","REWE","","","","","","",,,,"SHOW_PURCHASE_HISTORY","single","SHOW_PURCHASE_HISTORY","1","firestore"
"Show my last 10 purchases","ACCOUNT","PURCHASE_HISTORY","PURCHASE_HISTORY","firestore","hybrid","","","","","","","","",,,,"SHOW_PURCHASE_HISTORY","single","SHOW_PURCHASE_HISTORY","1","firestore"
"What have I bought this month","ACCOUNT","PURCHASE_HISTORY","PURCHASE_HISTORY","firestore","hybrid","","","","","","","","",,,,"SHOW_PURCHASE_HISTORY","single","SHOW_PURCHASE_HISTORY","1","firestore"
"Show my shopping history","ACCOUNT","PURCHASE_HISTORY","PURCHASE_HISTORY","firestore","hybrid","","","","","","","","",,,,"SHOW_PURCHASE_HISTORY","single","SHOW_PURCHASE_HISTORY","1","firestore"
"What did I buy yesterday","ACCOUNT","PURCHASE_HISTORY","PURCHASE_HISTORY","firestore","hybrid","","","","","","","","",,,,"SHOW_PURCHASE_HISTORY","single","SHOW_PURCHASE_HISTORY","1","firestore"
"Show my order history from Lidl","ACCOUNT","PURCHASE_HISTORY","PURCHASE_HISTORY","firestore","hybrid","","Lidl","","","","","","",,,,"SHOW_PURCHASE_HISTORY","single","SHOW_PURCHASE_HISTORY","1","firestore"
"What did I purchase in June","ACCOUNT","PURCHASE_HISTORY","PURCHASE_HISTORY","firestore","hybrid","","","","","","","","",,,,"SHOW_PURCHASE_HISTORY","single","SHOW_PURCHASE_HISTORY","1","firestore"
"Show me everything I bought last month","ACCOUNT","PURCHASE_HISTORY","PURCHASE_HISTORY","firestore","hybrid","","","","","","","","",,,,"SHOW_PURCHASE_HISTORY","single","SHOW_PURCHASE_HISTORY","1","firestore"
"List my recent transactions","ACCOUNT","PURCHASE_HISTORY","PURCHASE_HISTORY","firestore","hybrid","","","","","","","","",,,,"SHOW_PURCHASE_HISTORY","single","SHOW_PURCHASE_HISTORY","1","firestore"
"What was my last purchase","ACCOUNT","PURCHASE_HISTORY","PURCHASE_HISTORY","firestore","hybrid","","","","","","","","",,,,"SHOW_PURCHASE_HISTORY","single","SHOW_PURCHASE_HISTORY","1","firestore"
"Show my spending history","ACCOUNT","PURCHASE_HISTORY","PURCHASE_HISTORY","firestore","hybrid","","","","","","","","",,,,"SHOW_PURCHASE_HISTORY","single","SHOW_PURCHASE_HISTORY","1","firestore"
"What did I buy at Aldi last week","ACCOUNT","PURCHASE_HISTORY","PURCHASE_HISTORY","firestore","hybrid","","Aldi","","","","","","",,,,"SHOW_PURCHASE_HISTORY","single","SHOW_PURCHASE_HISTORY","1","firestore"
"Show my purchase history for this year","ACCOUNT","PURCHASE_HISTORY","PURCHASE_HISTORY","firestore","hybrid","","","","","","","","",,,,"SHOW_PURCHASE_HISTORY","single","SHOW_PURCHASE_HISTORY","1","firestore"
"What have I bought recently","ACCOUNT","PURCHASE_HISTORY","PURCHASE_HISTORY","firestore","hybrid","","","","","","","","",,,,"SHOW_PURCHASE_HISTORY","single","SHOW_PURCHASE_HISTORY","1","firestore"
"Show my last five orders","ACCOUNT","PURCHASE_HISTORY","PURCHASE_HISTORY","firestore","hybrid","","","","","","","","",,,,"SHOW_PURCHASE_HISTORY","single","SHOW_PURCHASE_HISTORY","1","firestore"
"What did I buy on my last visit to REWE","ACCOUNT","PURCHASE_HISTORY","PURCHASE_HISTORY","firestore","hybrid","","REWE","","","","","","",,,,"SHOW_PURCHASE_HISTORY","single","SHOW_PURCHASE_HISTORY","1","firestore"
"Show my complete purchase history","ACCOUNT","PURCHASE_HISTORY","PURCHASE_HISTORY","firestore","hybrid","","","","","","","","",,,,"SHOW_PURCHASE_HISTORY","single","SHOW_PURCHASE_HISTORY","1","firestore"
"List all my past purchases","ACCOUNT","PURCHASE_HISTORY","PURCHASE_HISTORY","firestore","hybrid","","","","","","","","",,,,"SHOW_PURCHASE_HISTORY","single","SHOW_PURCHASE_HISTORY","1","firestore"
"What did I buy two weeks ago","ACCOUNT","PURCHASE_HISTORY","PURCHASE_HISTORY","firestore","hybrid","","","","","","","","",,,,"SHOW_PURCHASE_HISTORY","single","SHOW_PURCHASE_HISTORY","1","firestore"
"Show my recent store visits","ACCOUNT","VISITS","VISITS","firestore","hybrid","","","","","","","","",,,,"SHOW_VISIT_HISTORY","single","SHOW_VISIT_HISTORY","1","firestore"
"Which stores have I visited this month","ACCOUNT","VISITS","VISITS","firestore","hybrid","","","","","","","","",,,,"SHOW_VISIT_HISTORY","single","SHOW_VISIT_HISTORY","1","firestore"
"Show my visit history","ACCOUNT","VISITS","VISITS","firestore","hybrid","","","","","","","","",,,,"SHOW_VISIT_HISTORY","single","SHOW_VISIT_HISTORY","1","firestore"
"When did I last visit REWE","ACCOUNT","VISITS","VISITS","firestore","hybrid","","REWE","","","","","","",,,,"SHOW_VISIT_HISTORY","single","SHOW_VISIT_HISTORY","1","firestore"
"Show me the merchants I've checked into","ACCOUNT","VISITS","VISITS","firestore","hybrid","","","","","","","","",,,,"SHOW_VISIT_HISTORY","single","SHOW_VISIT_HISTORY","1","firestore"
"What stores did I visit last week","ACCOUNT","VISITS","VISITS","firestore","hybrid","","","","","","","","",,,,"SHOW_VISIT_HISTORY","single","SHOW_VISIT_HISTORY","1","firestore"
"Show my check-in history","ACCOUNT","VISITS","VISITS","firestore","hybrid","","","","","","","","",,,,"SHOW_VISIT_HISTORY","single","SHOW_VISIT_HISTORY","1","firestore"
"When was my last visit to Lidl","ACCOUNT","VISITS","VISITS","firestore","hybrid","","Lidl","","","","","","",,,,"SHOW_VISIT_HISTORY","single","SHOW_VISIT_HISTORY","1","firestore"
"Show all my store visits this year","ACCOUNT","VISITS","VISITS","firestore","hybrid","","","","","","","","",,,,"SHOW_VISIT_HISTORY","single","SHOW_VISIT_HISTORY","1","firestore"
"Which merchants have I been to recently","ACCOUNT","VISITS","VISITS","firestore","hybrid","","","","","","","","",,,,"SHOW_VISIT_HISTORY","single","SHOW_VISIT_HISTORY","1","firestore"
"Show my visit log","ACCOUNT","VISITS","VISITS","firestore","hybrid","","","","","","","","",,,,"SHOW_VISIT_HISTORY","single","SHOW_VISIT_HISTORY","1","firestore"
"Where have I shopped this month","ACCOUNT","VISITS","VISITS","firestore","hybrid","","","","","","","","",,,,"SHOW_VISIT_HISTORY","single","SHOW_VISIT_HISTORY","1","firestore"
"Show me my store check-ins","ACCOUNT","VISITS","VISITS","firestore","hybrid","","","","","","","","",,,,"SHOW_VISIT_HISTORY","single","SHOW_VISIT_HISTORY","1","firestore"
"When did I last go to Aldi","ACCOUNT","VISITS","VISITS","firestore","hybrid","","Aldi","","","","","","",,,,"SHOW_VISIT_HISTORY","single","SHOW_VISIT_HISTORY","1","firestore"
"Show my visit history for REWE","ACCOUNT","VISITS","VISITS","firestore","hybrid","","REWE","","","","","","",,,,"SHOW_VISIT_HISTORY","single","SHOW_VISIT_HISTORY","1","firestore"
"List the stores I've visited","ACCOUNT","VISITS","VISITS","firestore","hybrid","","","","","","","","",,,,"SHOW_VISIT_HISTORY","single","SHOW_VISIT_HISTORY","1","firestore"
"Show my recent check-ins","ACCOUNT","VISITS","VISITS","firestore","hybrid","","","","","","","","",,,,"SHOW_VISIT_HISTORY","single","SHOW_VISIT_HISTORY","1","firestore"
"Where did I shop last week","ACCOUNT","VISITS","VISITS","firestore","hybrid","","","","","","","","",,,,"SHOW_VISIT_HISTORY","single","SHOW_VISIT_HISTORY","1","firestore"
"Show all merchants I've visited","ACCOUNT","VISITS","VISITS","firestore","hybrid","","","","","","","","",,,,"SHOW_VISIT_HISTORY","single","SHOW_VISIT_HISTORY","1","firestore"
"What's my visit frequency at REWE","ACCOUNT","VISITS","VISITS","firestore","hybrid","","REWE","","","","","","",,,,"SHOW_VISIT_HISTORY","single","SHOW_VISIT_HISTORY","1","firestore"
"Show my shopping location history","ACCOUNT","VISITS","VISITS","firestore","hybrid","","","","","","","","",,,,"SHOW_VISIT_HISTORY","single","SHOW_VISIT_HISTORY","1","firestore"
"When did I last check in somewhere","ACCOUNT","VISITS","VISITS","firestore","hybrid","","","","","","","","",,,,"SHOW_VISIT_HISTORY","single","SHOW_VISIT_HISTORY","1","firestore"
"Open my settings","ACCOUNT","SETTINGS","SETTINGS","firestore","functional","","","","","","","","",,,,"OPEN_SETTINGS","single","OPEN_SETTINGS","1","firestore"
"Show app settings","ACCOUNT","SETTINGS","SETTINGS","firestore","functional","","","","","","","","",,,,"OPEN_SETTINGS","single","OPEN_SETTINGS","1","firestore"
"I want to change my notification preferences","ACCOUNT","SETTINGS","SETTINGS","firestore","functional","","","","notifications","","","","",,,,"OPEN_SETTINGS","single","OPEN_SETTINGS","1","firestore"
"Open account settings","ACCOUNT","SETTINGS","SETTINGS","firestore","functional","","","","","","","","",,,,"OPEN_SETTINGS","single","OPEN_SETTINGS","1","firestore"
"Show me privacy settings","ACCOUNT","SETTINGS","SETTINGS","firestore","functional","","","","privacy","","","","",,,,"OPEN_SETTINGS","single","OPEN_SETTINGS","1","firestore"
"Change my language settings","ACCOUNT","SETTINGS","SETTINGS","firestore","functional","","","","language","","","","",,,,"OPEN_SETTINGS","single","OPEN_SETTINGS","1","firestore"
"Open notification settings","ACCOUNT","SETTINGS","SETTINGS","firestore","functional","","","","notifications","","","","",,,,"OPEN_SETTINGS","single","OPEN_SETTINGS","1","firestore"
"Show my preferences","ACCOUNT","SETTINGS","SETTINGS","firestore","functional","","","","","","","","",,,,"OPEN_SETTINGS","single","OPEN_SETTINGS","1","firestore"
"I want to update my settings","ACCOUNT","SETTINGS","SETTINGS","firestore","functional","","","","","","","","",,,,"OPEN_SETTINGS","single","OPEN_SETTINGS","1","firestore"
"Open the settings menu","ACCOUNT","SETTINGS","SETTINGS","firestore","functional","","","","","","","","",,,,"OPEN_SETTINGS","single","OPEN_SETTINGS","1","firestore"
"Show me app preferences","ACCOUNT","SETTINGS","SETTINGS","firestore","functional","","","","","","","","",,,,"OPEN_SETTINGS","single","OPEN_SETTINGS","1","firestore"
"Change my password settings","ACCOUNT","SETTINGS","SETTINGS","firestore","functional","","","","password","","","","",,,,"OPEN_SETTINGS","single","OPEN_SETTINGS","1","firestore"
"Open security settings","ACCOUNT","SETTINGS","SETTINGS","firestore","functional","","","","security","","","","",,,,"OPEN_SETTINGS","single","OPEN_SETTINGS","1","firestore"
"Show data privacy options","ACCOUNT","SETTINGS","SETTINGS","firestore","functional","","","","privacy","","","","",,,,"OPEN_SETTINGS","single","OPEN_SETTINGS","1","firestore"
"Adjust my notification settings","ACCOUNT","SETTINGS","SETTINGS","firestore","functional","","","","notifications","","","","",,,,"OPEN_SETTINGS","single","OPEN_SETTINGS","1","firestore"
"Open my account preferences","ACCOUNT","SETTINGS","SETTINGS","firestore","functional","","","","","","","","",,,,"OPEN_SETTINGS","single","OPEN_SETTINGS","1","firestore"
"Show settings for my account","ACCOUNT","SETTINGS","SETTINGS","firestore","functional","","","","","","","","",,,,"OPEN_SETTINGS","single","OPEN_SETTINGS","1","firestore"
"Change display settings","ACCOUNT","SETTINGS","SETTINGS","firestore","functional","","","","display","","","","",,,,"OPEN_SETTINGS","single","OPEN_SETTINGS","1","firestore"
"Open app configuration","ACCOUNT","SETTINGS","SETTINGS","firestore","functional","","","","","","","","",,,,"OPEN_SETTINGS","single","OPEN_SETTINGS","1","firestore"
"Show me my privacy options","ACCOUNT","SETTINGS","SETTINGS","firestore","functional","","","","privacy","","","","",,,,"OPEN_SETTINGS","single","OPEN_SETTINGS","1","firestore"
"Update my communication preferences","ACCOUNT","SETTINGS","SETTINGS","firestore","functional","","","","notifications","","","","",,,,"OPEN_SETTINGS","single","OPEN_SETTINGS","1","firestore"
"Open general settings","ACCOUNT","SETTINGS","SETTINGS","firestore","functional","","","","","","","","",,,,"OPEN_SETTINGS","single","OPEN_SETTINGS","1","firestore"
"Show my profile and then open settings.","ACCOUNT","MULTI_STEP_TASK","PROFILE_AND_SETTINGS","firestore","hybrid","","","","","","","","",,,,"SHOW_PROFILE","sequential","SHOW_PROFILE → OPEN_SETTINGS","2","firestore → firestore"
"Show me my account info, then take me to settings.","ACCOUNT","MULTI_STEP_TASK","PROFILE_AND_SETTINGS","firestore","hybrid","","","","","","","","",,,,"SHOW_PROFILE","sequential","SHOW_PROFILE → OPEN_SETTINGS","2","firestore → firestore"
"Open my profile and change my notification settings.","ACCOUNT","MULTI_STEP_TASK","PROFILE_AND_SETTINGS","firestore","hybrid","","","","notifications","","","","",,,,"SHOW_PROFILE","sequential","SHOW_PROFILE → OPEN_SETTINGS","2","firestore → firestore"
"Display my personal details, then show app settings.","ACCOUNT","MULTI_STEP_TASK","PROFILE_AND_SETTINGS","firestore","hybrid","","","","","","","","",,,,"SHOW_PROFILE","sequential","SHOW_PROFILE → OPEN_SETTINGS","2","firestore → firestore"
"Show my profile page and open privacy settings.","ACCOUNT","MULTI_STEP_TASK","PROFILE_AND_SETTINGS","firestore","hybrid","","","","privacy","","","","",,,,"SHOW_PROFILE","sequential","SHOW_PROFILE → OPEN_SETTINGS","2","firestore → firestore"
"View my account overview, then adjust my preferences.","ACCOUNT","MULTI_STEP_TASK","PROFILE_AND_SETTINGS","firestore","hybrid","","","","","","","","",,,,"SHOW_PROFILE","sequential","SHOW_PROFILE → OPEN_SETTINGS","2","firestore → firestore"
"Show my details and open the settings menu.","ACCOUNT","MULTI_STEP_TASK","PROFILE_AND_SETTINGS","firestore","hybrid","","","","","","","","",,,,"SHOW_PROFILE","sequential","SHOW_PROFILE → OPEN_SETTINGS","2","firestore → firestore"
"What's my profile info, and open settings for me.","ACCOUNT","MULTI_STEP_TASK","PROFILE_AND_SETTINGS","firestore","hybrid","","","","","","","","",,,,"SHOW_PROFILE","sequential","SHOW_PROFILE → OPEN_SETTINGS","2","firestore → firestore"
"Show me who I am, then take me to account settings.","ACCOUNT","MULTI_STEP_TASK","PROFILE_AND_SETTINGS","firestore","hybrid","","","","","","","","",,,,"SHOW_PROFILE","sequential","SHOW_PROFILE → OPEN_SETTINGS","2","firestore → firestore"
"Display my account summary, then open security settings.","ACCOUNT","MULTI_STEP_TASK","PROFILE_AND_SETTINGS","firestore","hybrid","","","","security","","","","",,,,"SHOW_PROFILE","sequential","SHOW_PROFILE → OPEN_SETTINGS","2","firestore → firestore"
"Show my purchase history and then my store visits.","ACCOUNT","MULTI_STEP_TASK","PURCHASE_HISTORY_AND_VISITS","firestore","hybrid","","","","","","","","",,,,"SHOW_PURCHASE_HISTORY","sequential","SHOW_PURCHASE_HISTORY → SHOW_VISIT_HISTORY","2","firestore → firestore"
"What did I buy last week, and which stores did I visit?","ACCOUNT","MULTI_STEP_TASK","PURCHASE_HISTORY_AND_VISITS","firestore","hybrid","","","","","","","","",,,,"SHOW_PURCHASE_HISTORY","sequential","SHOW_PURCHASE_HISTORY → SHOW_VISIT_HISTORY","2","firestore → firestore"
"Show my recent orders, then show my visit history.","ACCOUNT","MULTI_STEP_TASK","PURCHASE_HISTORY_AND_VISITS","firestore","hybrid","","","","","","","","",,,,"SHOW_PURCHASE_HISTORY","sequential","SHOW_PURCHASE_HISTORY → SHOW_VISIT_HISTORY","2","firestore → firestore"
"List my past purchases and my recent check-ins.","ACCOUNT","MULTI_STEP_TASK","PURCHASE_HISTORY_AND_VISITS","firestore","hybrid","","","","","","","","",,,,"SHOW_PURCHASE_HISTORY","sequential","SHOW_PURCHASE_HISTORY → SHOW_VISIT_HISTORY","2","firestore → firestore"
"Show my shopping history, then my store visit log.","ACCOUNT","MULTI_STEP_TASK","PURCHASE_HISTORY_AND_VISITS","firestore","hybrid","","","","","","","","",,,,"SHOW_PURCHASE_HISTORY","sequential","SHOW_PURCHASE_HISTORY → SHOW_VISIT_HISTORY","2","firestore → firestore"
"What have I bought this month, and where have I shopped?","ACCOUNT","MULTI_STEP_TASK","PURCHASE_HISTORY_AND_VISITS","firestore","hybrid","","","","","","","","",,,,"SHOW_PURCHASE_HISTORY","sequential","SHOW_PURCHASE_HISTORY → SHOW_VISIT_HISTORY","2","firestore → firestore"
"Show my order history, then show which merchants I visited.","ACCOUNT","MULTI_STEP_TASK","PURCHASE_HISTORY_AND_VISITS","firestore","hybrid","","","","","","","","",,,,"SHOW_PURCHASE_HISTORY","sequential","SHOW_PURCHASE_HISTORY → SHOW_VISIT_HISTORY","2","firestore → firestore"
"Display my purchases from REWE, then my visits there too.","ACCOUNT","MULTI_STEP_TASK","PURCHASE_HISTORY_AND_VISITS","firestore","hybrid","","REWE","","","","","","",,,,"SHOW_PURCHASE_HISTORY","sequential","SHOW_PURCHASE_HISTORY → SHOW_VISIT_HISTORY","2","firestore → firestore"
"Show my complete purchase history and my visit history.","ACCOUNT","MULTI_STEP_TASK","PURCHASE_HISTORY_AND_VISITS","firestore","hybrid","","","","","","","","",,,,"SHOW_PURCHASE_HISTORY","sequential","SHOW_PURCHASE_HISTORY → SHOW_VISIT_HISTORY","2","firestore → firestore"
"What did I buy recently, and what stores did I check into?","ACCOUNT","MULTI_STEP_TASK","PURCHASE_HISTORY_AND_VISITS","firestore","hybrid","","","","","","","","",,,,"SHOW_PURCHASE_HISTORY","sequential","SHOW_PURCHASE_HISTORY → SHOW_VISIT_HISTORY","2","firestore → firestore"
"Show my profile and then my purchase history.","ACCOUNT","MULTI_STEP_TASK","PROFILE_AND_PURCHASE_HISTORY","firestore","hybrid","","","","","","","","",,,,"SHOW_PROFILE","sequential","SHOW_PROFILE → SHOW_PURCHASE_HISTORY","2","firestore → firestore"
"Display my account info, then show what I've bought.","ACCOUNT","MULTI_STEP_TASK","PROFILE_AND_PURCHASE_HISTORY","firestore","hybrid","","","","","","","","",,,,"SHOW_PROFILE","sequential","SHOW_PROFILE → SHOW_PURCHASE_HISTORY","2","firestore → firestore"
"Show me my details, then my recent orders.","ACCOUNT","MULTI_STEP_TASK","PROFILE_AND_PURCHASE_HISTORY","firestore","hybrid","","","","","","","","",,,,"SHOW_PROFILE","sequential","SHOW_PROFILE → SHOW_PURCHASE_HISTORY","2","firestore → firestore"
"View my profile, then show my shopping history.","ACCOUNT","MULTI_STEP_TASK","PROFILE_AND_PURCHASE_HISTORY","firestore","hybrid","","","","","","","","",,,,"SHOW_PROFILE","sequential","SHOW_PROFILE → SHOW_PURCHASE_HISTORY","2","firestore → firestore"
"Show my personal info, then my last purchases.","ACCOUNT","MULTI_STEP_TASK","PROFILE_AND_PURCHASE_HISTORY","firestore","hybrid","","","","","","","","",,,,"SHOW_PROFILE","sequential","SHOW_PROFILE → SHOW_PURCHASE_HISTORY","2","firestore → firestore"
"What's my account overview, and what did I buy last week?","ACCOUNT","MULTI_STEP_TASK","PROFILE_AND_PURCHASE_HISTORY","firestore","hybrid","","","","","","","","",,,,"SHOW_PROFILE","sequential","SHOW_PROFILE → SHOW_PURCHASE_HISTORY","2","firestore → firestore"
"Show my profile page, then my order history.","ACCOUNT","MULTI_STEP_TASK","PROFILE_AND_PURCHASE_HISTORY","firestore","hybrid","","","","","","","","",,,,"SHOW_PROFILE","sequential","SHOW_PROFILE → SHOW_PURCHASE_HISTORY","2","firestore → firestore"
"Display my account summary, then my purchase history.","ACCOUNT","MULTI_STEP_TASK","PROFILE_AND_PURCHASE_HISTORY","firestore","hybrid","","","","","","","","",,,,"SHOW_PROFILE","sequential","SHOW_PROFILE → SHOW_PURCHASE_HISTORY","2","firestore → firestore"
"Show me who I am, then what I've purchased recently.","ACCOUNT","MULTI_STEP_TASK","PROFILE_AND_PURCHASE_HISTORY","firestore","hybrid","","","","","","","","",,,,"SHOW_PROFILE","sequential","SHOW_PROFILE → SHOW_PURCHASE_HISTORY","2","firestore → firestore"
"Open my profile, then show my complete purchase history.","ACCOUNT","MULTI_STEP_TASK","PROFILE_AND_PURCHASE_HISTORY","firestore","hybrid","","","","","","","","",,,,"SHOW_PROFILE","sequential","SHOW_PROFILE → SHOW_PURCHASE_HISTORY","2","firestore → firestore"
"Show my visit history and then open settings.","ACCOUNT","MULTI_STEP_TASK","VISITS_AND_SETTINGS","firestore","hybrid","","","","","","","","",,,,"SHOW_VISIT_HISTORY","sequential","SHOW_VISIT_HISTORY → OPEN_SETTINGS","2","firestore → firestore"
"Which stores have I visited, then take me to settings.","ACCOUNT","MULTI_STEP_TASK","VISITS_AND_SETTINGS","firestore","hybrid","","","","","","","","",,,,"SHOW_VISIT_HISTORY","sequential","SHOW_VISIT_HISTORY → OPEN_SETTINGS","2","firestore → firestore"
"Show my check-in history, then open my preferences.","ACCOUNT","MULTI_STEP_TASK","VISITS_AND_SETTINGS","firestore","hybrid","","","","","","","","",,,,"SHOW_VISIT_HISTORY","sequential","SHOW_VISIT_HISTORY → OPEN_SETTINGS","2","firestore → firestore"
"Display my store visits, then change my notification settings.","ACCOUNT","MULTI_STEP_TASK","VISITS_AND_SETTINGS","firestore","hybrid","","","","notifications","","","","",,,,"SHOW_VISIT_HISTORY","sequential","SHOW_VISIT_HISTORY → OPEN_SETTINGS","2","firestore → firestore"
"Show my visit log, then open account settings.","ACCOUNT","MULTI_STEP_TASK","VISITS_AND_SETTINGS","firestore","hybrid","","","","","","","","",,,,"SHOW_VISIT_HISTORY","sequential","SHOW_VISIT_HISTORY → OPEN_SETTINGS","2","firestore → firestore"
"Where have I shopped this month, then open settings for me.","ACCOUNT","MULTI_STEP_TASK","VISITS_AND_SETTINGS","firestore","hybrid","","","","","","","","",,,,"SHOW_VISIT_HISTORY","sequential","SHOW_VISIT_HISTORY → OPEN_SETTINGS","2","firestore → firestore"
"Show my recent visits, then adjust my privacy settings.","ACCOUNT","MULTI_STEP_TASK","VISITS_AND_SETTINGS","firestore","hybrid","","","","privacy","","","","",,,,"SHOW_VISIT_HISTORY","sequential","SHOW_VISIT_HISTORY → OPEN_SETTINGS","2","firestore → firestore"
"List the stores I've visited, then open app settings.","ACCOUNT","MULTI_STEP_TASK","VISITS_AND_SETTINGS","firestore","hybrid","","","","","","","","",,,,"SHOW_VISIT_HISTORY","sequential","SHOW_VISIT_HISTORY → OPEN_SETTINGS","2","firestore → firestore"
"Show my visit frequency, then open security settings.","ACCOUNT","MULTI_STEP_TASK","VISITS_AND_SETTINGS","firestore","hybrid","","","","security","","","","",,,,"SHOW_VISIT_HISTORY","sequential","SHOW_VISIT_HISTORY → OPEN_SETTINGS","2","firestore → firestore"
"Display my shopping location history, then open settings.","ACCOUNT","MULTI_STEP_TASK","VISITS_AND_SETTINGS","firestore","hybrid","","","","","","","","",,,,"SHOW_VISIT_HISTORY","sequential","SHOW_VISIT_HISTORY → OPEN_SETTINGS","2","firestore → firestore"
"Hi","CHAT","GREETING","GREETING","none","text","","","","","","","","",,,,"REPLY_GREETING","single","REPLY_GREETING","1","none"
"Hello there","CHAT","GREETING","GREETING","none","text","","","","","","","","",,,,"REPLY_GREETING","single","REPLY_GREETING","1","none"
"Hey Noah","CHAT","GREETING","GREETING","none","text","","","","","","","","",,,,"REPLY_GREETING","single","REPLY_GREETING","1","none"
"Hi Noah, how are you","CHAT","GREETING","GREETING","none","text","","","","","","","","",,,,"REPLY_GREETING","single","REPLY_GREETING","1","none"
"Good morning","CHAT","GREETING","GREETING","none","text","","","","","","","","",,,,"REPLY_GREETING","single","REPLY_GREETING","1","none"
"Good evening","CHAT","GREETING","GREETING","none","text","","","","","","","","",,,,"REPLY_GREETING","single","REPLY_GREETING","1","none"
"Hey what's up","CHAT","GREETING","GREETING","none","text","","","","","","","","",,,,"REPLY_GREETING","single","REPLY_GREETING","1","none"
"Yo","CHAT","GREETING","GREETING","none","text","","","","","","","","",,,,"REPLY_GREETING","single","REPLY_GREETING","1","none"
"Hiya","CHAT","GREETING","GREETING","none","text","","","","","","","","",,,,"REPLY_GREETING","single","REPLY_GREETING","1","none"
"Hello","CHAT","GREETING","GREETING","none","text","","","","","","","","",,,,"REPLY_GREETING","single","REPLY_GREETING","1","none"
"Morning","CHAT","GREETING","GREETING","none","text","","","","","","","","",,,,"REPLY_GREETING","single","REPLY_GREETING","1","none"
"Hey there","CHAT","GREETING","GREETING","none","text","","","","","","","","",,,,"REPLY_GREETING","single","REPLY_GREETING","1","none"
"Hi, is anyone there","CHAT","GREETING","GREETING","none","text","","","","","","","","",,,,"REPLY_GREETING","single","REPLY_GREETING","1","none"
"Hello Noah","CHAT","GREETING","GREETING","none","text","","","","","","","","",,,,"REPLY_GREETING","single","REPLY_GREETING","1","none"
"Hey Noah, you there","CHAT","GREETING","GREETING","none","text","","","","","","","","",,,,"REPLY_GREETING","single","REPLY_GREETING","1","none"
"Good afternoon","CHAT","GREETING","GREETING","none","text","","","","","","","","",,,,"REPLY_GREETING","single","REPLY_GREETING","1","none"
"Hi hi","CHAT","GREETING","GREETING","none","text","","","","","","","","",,,,"REPLY_GREETING","single","REPLY_GREETING","1","none"
"Hey buddy","CHAT","GREETING","GREETING","none","text","","","","","","","","",,,,"REPLY_GREETING","single","REPLY_GREETING","1","none"
"Sup","CHAT","GREETING","GREETING","none","text","","","","","","","","",,,,"REPLY_GREETING","single","REPLY_GREETING","1","none"
"Greetings","CHAT","GREETING","GREETING","none","text","","","","","","","","",,,,"REPLY_GREETING","single","REPLY_GREETING","1","none"
"Hello, nice to meet you","CHAT","GREETING","GREETING","none","text","","","","","","","","",,,,"REPLY_GREETING","single","REPLY_GREETING","1","none"
"Hey, how's it going","CHAT","GREETING","GREETING","none","text","","","","","","","","",,,,"REPLY_GREETING","single","REPLY_GREETING","1","none"
"Bye","CHAT","GOODBYE","GOODBYE","none","text","","","","","","","","",,,,"REPLY_GOODBYE","single","REPLY_GOODBYE","1","none"
"Goodbye","CHAT","GOODBYE","GOODBYE","none","text","","","","","","","","",,,,"REPLY_GOODBYE","single","REPLY_GOODBYE","1","none"
"See you later","CHAT","GOODBYE","GOODBYE","none","text","","","","","","","","",,,,"REPLY_GOODBYE","single","REPLY_GOODBYE","1","none"
"Talk to you soon","CHAT","GOODBYE","GOODBYE","none","text","","","","","","","","",,,,"REPLY_GOODBYE","single","REPLY_GOODBYE","1","none"
"I'm leaving now","CHAT","GOODBYE","GOODBYE","none","text","","","","","","","","",,,,"REPLY_GOODBYE","single","REPLY_GOODBYE","1","none"
"Catch you later","CHAT","GOODBYE","GOODBYE","none","text","","","","","","","","",,,,"REPLY_GOODBYE","single","REPLY_GOODBYE","1","none"
"Bye Noah","CHAT","GOODBYE","GOODBYE","none","text","","","","","","","","",,,,"REPLY_GOODBYE","single","REPLY_GOODBYE","1","none"
"See ya","CHAT","GOODBYE","GOODBYE","none","text","","","","","","","","",,,,"REPLY_GOODBYE","single","REPLY_GOODBYE","1","none"
"Gotta go, bye","CHAT","GOODBYE","GOODBYE","none","text","","","","","","","","",,,,"REPLY_GOODBYE","single","REPLY_GOODBYE","1","none"
"Farewell","CHAT","GOODBYE","GOODBYE","none","text","","","","","","","","",,,,"REPLY_GOODBYE","single","REPLY_GOODBYE","1","none"
"Take care, bye","CHAT","GOODBYE","GOODBYE","none","text","","","","","","","","",,,,"REPLY_GOODBYE","single","REPLY_GOODBYE","1","none"
"I'm off, see you","CHAT","GOODBYE","GOODBYE","none","text","","","","","","","","",,,,"REPLY_GOODBYE","single","REPLY_GOODBYE","1","none"
"Later","CHAT","GOODBYE","GOODBYE","none","text","","","","","","","","",,,,"REPLY_GOODBYE","single","REPLY_GOODBYE","1","none"
"Bye for now","CHAT","GOODBYE","GOODBYE","none","text","","","","","","","","",,,,"REPLY_GOODBYE","single","REPLY_GOODBYE","1","none"
"See you tomorrow","CHAT","GOODBYE","GOODBYE","none","text","","","","","","","","",,,,"REPLY_GOODBYE","single","REPLY_GOODBYE","1","none"
"Alright, bye","CHAT","GOODBYE","GOODBYE","none","text","","","","","","","","",,,,"REPLY_GOODBYE","single","REPLY_GOODBYE","1","none"
"That's all, goodbye","CHAT","GOODBYE","GOODBYE","none","text","","","","","","","","",,,,"REPLY_GOODBYE","single","REPLY_GOODBYE","1","none"
"I'm done for now, bye","CHAT","GOODBYE","GOODBYE","none","text","","","","","","","","",,,,"REPLY_GOODBYE","single","REPLY_GOODBYE","1","none"
"Closing the app, bye","CHAT","GOODBYE","GOODBYE","none","text","","","","","","","","",,,,"REPLY_GOODBYE","single","REPLY_GOODBYE","1","none"
"Ttyl","CHAT","GOODBYE","GOODBYE","none","text","","","","","","","","",,,,"REPLY_GOODBYE","single","REPLY_GOODBYE","1","none"
"Goodnight","CHAT","GOODBYE","GOODBYE","none","text","","","","","","","","",,,,"REPLY_GOODBYE","single","REPLY_GOODBYE","1","none"
"Peace out","CHAT","GOODBYE","GOODBYE","none","text","","","","","","","","",,,,"REPLY_GOODBYE","single","REPLY_GOODBYE","1","none"
"Thanks","CHAT","THANKS","THANKS","none","text","","","","","","","","",,,,"REPLY_THANKS","single","REPLY_THANKS","1","none"
"Thank you","CHAT","THANKS","THANKS","none","text","","","","","","","","",,,,"REPLY_THANKS","single","REPLY_THANKS","1","none"
"Thanks a lot","CHAT","THANKS","THANKS","none","text","","","","","","","","",,,,"REPLY_THANKS","single","REPLY_THANKS","1","none"
"Appreciate it","CHAT","THANKS","THANKS","none","text","","","","","","","","",,,,"REPLY_THANKS","single","REPLY_THANKS","1","none"
"Thanks so much","CHAT","THANKS","THANKS","none","text","","","","","","","","",,,,"REPLY_THANKS","single","REPLY_THANKS","1","none"
"Thank you very much","CHAT","THANKS","THANKS","none","text","","","","","","","","",,,,"REPLY_THANKS","single","REPLY_THANKS","1","none"
"That's helpful, thanks","CHAT","THANKS","THANKS","none","text","","","","","","","","",,,,"REPLY_THANKS","single","REPLY_THANKS","1","none"
"Cool, thanks","CHAT","THANKS","THANKS","none","text","","","","","","","","",,,,"REPLY_THANKS","single","REPLY_THANKS","1","none"
"Perfect, thank you","CHAT","THANKS","THANKS","none","text","","","","","","","","",,,,"REPLY_THANKS","single","REPLY_THANKS","1","none"
"Thanks Noah","CHAT","THANKS","THANKS","none","text","","","","","","","","",,,,"REPLY_THANKS","single","REPLY_THANKS","1","none"
"Much appreciated","CHAT","THANKS","THANKS","none","text","","","","","","","","",,,,"REPLY_THANKS","single","REPLY_THANKS","1","none"
"Great, thanks for that","CHAT","THANKS","THANKS","none","text","","","","","","","","",,,,"REPLY_THANKS","single","REPLY_THANKS","1","none"
"Awesome, thank you","CHAT","THANKS","THANKS","none","text","","","","","","","","",,,,"REPLY_THANKS","single","REPLY_THANKS","1","none"
"Thanks for the help","CHAT","THANKS","THANKS","none","text","","","","","","","","",,,,"REPLY_THANKS","single","REPLY_THANKS","1","none"
"You're a lifesaver, thanks","CHAT","THANKS","THANKS","none","text","","","","","","","","",,,,"REPLY_THANKS","single","REPLY_THANKS","1","none"
"Nice one, thanks","CHAT","THANKS","THANKS","none","text","","","","","","","","",,,,"REPLY_THANKS","single","REPLY_THANKS","1","none"
"Thank you so much for that","CHAT","THANKS","THANKS","none","text","","","","","","","","",,,,"REPLY_THANKS","single","REPLY_THANKS","1","none"
"Thanks a bunch","CHAT","THANKS","THANKS","none","text","","","","","","","","",,,,"REPLY_THANKS","single","REPLY_THANKS","1","none"
"Cheers","CHAT","THANKS","THANKS","none","text","","","","","","","","",,,,"REPLY_THANKS","single","REPLY_THANKS","1","none"
"That was helpful, thank you","CHAT","THANKS","THANKS","none","text","","","","","","","","",,,,"REPLY_THANKS","single","REPLY_THANKS","1","none"
"Thanks for helping me out","CHAT","THANKS","THANKS","none","text","","","","","","","","",,,,"REPLY_THANKS","single","REPLY_THANKS","1","none"
"I appreciate the help","CHAT","THANKS","THANKS","none","text","","","","","","","","",,,,"REPLY_THANKS","single","REPLY_THANKS","1","none"
"How are you doing today","CHAT","SMALL_TALK","SMALL_TALK","none","text","","","","","","","","",,,,"REPLY_SMALL_TALK","single","REPLY_SMALL_TALK","1","none"
"What's your favorite food","CHAT","SMALL_TALK","SMALL_TALK","none","text","","","","food","","","","",,,,"REPLY_SMALL_TALK","single","REPLY_SMALL_TALK","1","none"
"Do you like shopping","CHAT","SMALL_TALK","SMALL_TALK","none","text","","","","shopping","","","","",,,,"REPLY_SMALL_TALK","single","REPLY_SMALL_TALK","1","none"
"Tell me a joke","CHAT","SMALL_TALK","SMALL_TALK","none","text","","","","joke","","","","",,,,"REPLY_SMALL_TALK","single","REPLY_SMALL_TALK","1","none"
"What's the weather like","CHAT","SMALL_TALK","SMALL_TALK","none","text","","","","weather","","","","",,,,"REPLY_SMALL_TALK","single","REPLY_SMALL_TALK","1","none"
"How's your day going","CHAT","SMALL_TALK","SMALL_TALK","none","text","","","","","","","","",,,,"REPLY_SMALL_TALK","single","REPLY_SMALL_TALK","1","none"
"Are you a real person","CHAT","SMALL_TALK","SMALL_TALK","none","text","","","","identity","","","","",,,,"REPLY_SMALL_TALK","single","REPLY_SMALL_TALK","1","none"
"What can you do","CHAT","SMALL_TALK","SMALL_TALK","none","text","","","","capabilities","","","","",,,,"REPLY_SMALL_TALK","single","REPLY_SMALL_TALK","1","none"
"Do you sleep","CHAT","SMALL_TALK","SMALL_TALK","none","text","","","","identity","","","","",,,,"REPLY_SMALL_TALK","single","REPLY_SMALL_TALK","1","none"
"What's your name","CHAT","SMALL_TALK","SMALL_TALK","none","text","","","","identity","","","","",,,,"REPLY_SMALL_TALK","single","REPLY_SMALL_TALK","1","none"
"Are you an AI","CHAT","SMALL_TALK","SMALL_TALK","none","text","","","","identity","","","","",,,,"REPLY_SMALL_TALK","single","REPLY_SMALL_TALK","1","none"
"Tell me something interesting","CHAT","SMALL_TALK","SMALL_TALK","none","text","","","","","","","","",,,,"REPLY_SMALL_TALK","single","REPLY_SMALL_TALK","1","none"
"What's the meaning of life","CHAT","SMALL_TALK","SMALL_TALK","none","text","","","","philosophy","","","","",,,,"REPLY_SMALL_TALK","single","REPLY_SMALL_TALK","1","none"
"Do you like Payback","CHAT","SMALL_TALK","SMALL_TALK","none","text","","","","loyalty_programs","","","","",,,,"REPLY_SMALL_TALK","single","REPLY_SMALL_TALK","1","none"
"What do you think about frozen pizza","CHAT","SMALL_TALK","SMALL_TALK","none","text","","","","food","","","","",,,,"REPLY_SMALL_TALK","single","REPLY_SMALL_TALK","1","none"
"Can we just chat for a bit","CHAT","SMALL_TALK","SMALL_TALK","none","text","","","","","","","","",,,,"REPLY_SMALL_TALK","single","REPLY_SMALL_TALK","1","none"
"Tell me about yourself","CHAT","SMALL_TALK","SMALL_TALK","none","text","","","","identity","","","","",,,,"REPLY_SMALL_TALK","single","REPLY_SMALL_TALK","1","none"
"Do you have feelings","CHAT","SMALL_TALK","SMALL_TALK","none","text","","","","identity","","","","",,,,"REPLY_SMALL_TALK","single","REPLY_SMALL_TALK","1","none"
"What's up with you","CHAT","SMALL_TALK","SMALL_TALK","none","text","","","","","","","","",,,,"REPLY_SMALL_TALK","single","REPLY_SMALL_TALK","1","none"
"How old are you","CHAT","SMALL_TALK","SMALL_TALK","none","text","","","","identity","","","","",,,,"REPLY_SMALL_TALK","single","REPLY_SMALL_TALK","1","none"
"Do you get bored","CHAT","SMALL_TALK","SMALL_TALK","none","text","","","","identity","","","","",,,,"REPLY_SMALL_TALK","single","REPLY_SMALL_TALK","1","none"
"What's your opinion on discounts","CHAT","SMALL_TALK","SMALL_TALK","none","text","","","","discounts","","","","",,,,"REPLY_SMALL_TALK","single","REPLY_SMALL_TALK","1","none"
"asdkjfh","CHAT","UNKNOWN","UNKNOWN","none","text","","","","","","","","",,,,"HANDLE_UNKNOWN","single","HANDLE_UNKNOWN","1","none"
"what","CHAT","UNKNOWN","UNKNOWN","none","text","","","","","","","","",,,,"HANDLE_UNKNOWN","single","HANDLE_UNKNOWN","1","none"
"huh","CHAT","UNKNOWN","UNKNOWN","none","text","","","","","","","","",,,,"HANDLE_UNKNOWN","single","HANDLE_UNKNOWN","1","none"
"I don't know what I want","CHAT","UNKNOWN","UNKNOWN","none","text","","","","","","","","",,,,"HANDLE_UNKNOWN","single","HANDLE_UNKNOWN","1","none"
"um","CHAT","UNKNOWN","UNKNOWN","none","text","","","","","","","","",,,,"HANDLE_UNKNOWN","single","HANDLE_UNKNOWN","1","none"
"blah blah blah","CHAT","UNKNOWN","UNKNOWN","none","text","","","","","","","","",,,,"HANDLE_UNKNOWN","single","HANDLE_UNKNOWN","1","none"
"random text here","CHAT","UNKNOWN","UNKNOWN","none","text","","","","","","","","",,,,"HANDLE_UNKNOWN","single","HANDLE_UNKNOWN","1","none"
"can you do the thing","CHAT","UNKNOWN","UNKNOWN","none","text","","","","","","","","",,,,"HANDLE_UNKNOWN","single","HANDLE_UNKNOWN","1","none"
"do that other stuff","CHAT","UNKNOWN","UNKNOWN","none","text","","","","","","","","",,,,"HANDLE_UNKNOWN","single","HANDLE_UNKNOWN","1","none"
"idk","CHAT","UNKNOWN","UNKNOWN","none","text","","","","","","","","",,,,"HANDLE_UNKNOWN","single","HANDLE_UNKNOWN","1","none"
"whatever","CHAT","UNKNOWN","UNKNOWN","none","text","","","","","","","","",,,,"HANDLE_UNKNOWN","single","HANDLE_UNKNOWN","1","none"
"nothing","CHAT","UNKNOWN","UNKNOWN","none","text","","","","","","","","",,,,"HANDLE_UNKNOWN","single","HANDLE_UNKNOWN","1","none"
"never mind","CHAT","UNKNOWN","UNKNOWN","none","text","","","","","","","","",,,,"HANDLE_UNKNOWN","single","HANDLE_UNKNOWN","1","none"
"skip","CHAT","UNKNOWN","UNKNOWN","none","text","","","","","","","","",,,,"HANDLE_UNKNOWN","single","HANDLE_UNKNOWN","1","none"
"test test","CHAT","UNKNOWN","UNKNOWN","none","text","","","","","","","","",,,,"HANDLE_UNKNOWN","single","HANDLE_UNKNOWN","1","none"
"hello???","CHAT","UNKNOWN","UNKNOWN","none","text","","","","","","","","",,,,"HANDLE_UNKNOWN","single","HANDLE_UNKNOWN","1","none"
"???","CHAT","UNKNOWN","UNKNOWN","none","text","","","","","","","","",,,,"HANDLE_UNKNOWN","single","HANDLE_UNKNOWN","1","none"
"this doesn't make sense","CHAT","UNKNOWN","UNKNOWN","none","text","","","","","","","","",,,,"HANDLE_UNKNOWN","single","HANDLE_UNKNOWN","1","none"
"banana","CHAT","UNKNOWN","UNKNOWN","none","text","","","","","","","","",,,,"HANDLE_UNKNOWN","single","HANDLE_UNKNOWN","1","none"
"asdf1234","CHAT","UNKNOWN","UNKNOWN","none","text","","","","","","","","",,,,"HANDLE_UNKNOWN","single","HANDLE_UNKNOWN","1","none"
"random query","CHAT","UNKNOWN","UNKNOWN","none","text","","","","","","","","",,,,"HANDLE_UNKNOWN","single","HANDLE_UNKNOWN","1","none"
"gibberish input","CHAT","UNKNOWN","UNKNOWN","none","text","","","","","","","","",,,,"HANDLE_UNKNOWN","single","HANDLE_UNKNOWN","1","none"
"Hi, how are you doing today?","CHAT","MULTI_STEP_TASK","GREETING_AND_SMALL_TALK","none","text","","","","","","","","",,,,"REPLY_GREETING","sequential","REPLY_GREETING → REPLY_SMALL_TALK","2","none → none"
"Hello, what's your favorite food?","CHAT","MULTI_STEP_TASK","GREETING_AND_SMALL_TALK","none","text","","","","food","","","","",,,,"REPLY_GREETING","sequential","REPLY_GREETING → REPLY_SMALL_TALK","2","none → none"
"Hey Noah, tell me a joke.","CHAT","MULTI_STEP_TASK","GREETING_AND_SMALL_TALK","none","text","","","","joke","","","","",,,,"REPLY_GREETING","sequential","REPLY_GREETING → REPLY_SMALL_TALK","2","none → none"
"Hi there, what's the weather like?","CHAT","MULTI_STEP_TASK","GREETING_AND_SMALL_TALK","none","text","","","","weather","","","","",,,,"REPLY_GREETING","sequential","REPLY_GREETING → REPLY_SMALL_TALK","2","none → none"
"Hello, do you like shopping?","CHAT","MULTI_STEP_TASK","GREETING_AND_SMALL_TALK","none","text","","","","shopping","","","","",,,,"REPLY_GREETING","sequential","REPLY_GREETING → REPLY_SMALL_TALK","2","none → none"
"Hey, what can you do?","CHAT","MULTI_STEP_TASK","GREETING_AND_SMALL_TALK","none","text","","","","capabilities","","","","",,,,"REPLY_GREETING","sequential","REPLY_GREETING → REPLY_SMALL_TALK","2","none → none"
"Good morning, tell me something interesting.","CHAT","MULTI_STEP_TASK","GREETING_AND_SMALL_TALK","none","text","","","","","","","","",,,,"REPLY_GREETING","sequential","REPLY_GREETING → REPLY_SMALL_TALK","2","none → none"
"Hi, are you a real person?","CHAT","MULTI_STEP_TASK","GREETING_AND_SMALL_TALK","none","text","","","","identity","","","","",,,,"REPLY_GREETING","sequential","REPLY_GREETING → REPLY_SMALL_TALK","2","none → none"
"Hey Noah, what's your name?","CHAT","MULTI_STEP_TASK","GREETING_AND_SMALL_TALK","none","text","","","","identity","","","","",,,,"REPLY_GREETING","sequential","REPLY_GREETING → REPLY_SMALL_TALK","2","none → none"
"Hello there, do you have feelings?","CHAT","MULTI_STEP_TASK","GREETING_AND_SMALL_TALK","none","text","","","","identity","","","","",,,,"REPLY_GREETING","sequential","REPLY_GREETING → REPLY_SMALL_TALK","2","none → none"
"Thanks a lot, bye!","CHAT","MULTI_STEP_TASK","THANKS_AND_GOODBYE","none","text","","","","","","","","",,,,"REPLY_THANKS","sequential","REPLY_THANKS → REPLY_GOODBYE","2","none → none"
"Thank you so much, see you later.","CHAT","MULTI_STEP_TASK","THANKS_AND_GOODBYE","none","text","","","","","","","","",,,,"REPLY_THANKS","sequential","REPLY_THANKS → REPLY_GOODBYE","2","none → none"
"Appreciate it, gotta go now.","CHAT","MULTI_STEP_TASK","THANKS_AND_GOODBYE","none","text","","","","","","","","",,,,"REPLY_THANKS","sequential","REPLY_THANKS → REPLY_GOODBYE","2","none → none"
"Thanks Noah, talk to you soon.","CHAT","MULTI_STEP_TASK","THANKS_AND_GOODBYE","none","text","","","","","","","","",,,,"REPLY_THANKS","sequential","REPLY_THANKS → REPLY_GOODBYE","2","none → none"
"That was helpful, thanks, goodbye.","CHAT","MULTI_STEP_TASK","THANKS_AND_GOODBYE","none","text","","","","","","","","",,,,"REPLY_THANKS","sequential","REPLY_THANKS → REPLY_GOODBYE","2","none → none"
"Thanks for the help, bye for now.","CHAT","MULTI_STEP_TASK","THANKS_AND_GOODBYE","none","text","","","","","","","","",,,,"REPLY_THANKS","sequential","REPLY_THANKS → REPLY_GOODBYE","2","none → none"
"Much appreciated, catch you later.","CHAT","MULTI_STEP_TASK","THANKS_AND_GOODBYE","none","text","","","","","","","","",,,,"REPLY_THANKS","sequential","REPLY_THANKS → REPLY_GOODBYE","2","none → none"
"Thank you, I'm off now.","CHAT","MULTI_STEP_TASK","THANKS_AND_GOODBYE","none","text","","","","","","","","",,,,"REPLY_THANKS","sequential","REPLY_THANKS → REPLY_GOODBYE","2","none → none"
"Cheers, see ya.","CHAT","MULTI_STEP_TASK","THANKS_AND_GOODBYE","none","text","","","","","","","","",,,,"REPLY_THANKS","sequential","REPLY_THANKS → REPLY_GOODBYE","2","none → none"
"Thanks a bunch, take care.","CHAT","MULTI_STEP_TASK","THANKS_AND_GOODBYE","none","text","","","","","","","","",,,,"REPLY_THANKS","sequential","REPLY_THANKS → REPLY_GOODBYE","2","none → none"
"That's interesting, thanks for telling me.","CHAT","MULTI_STEP_TASK","SMALL_TALK_AND_THANKS","none","text","","","","","","","","",,,,"REPLY_SMALL_TALK","sequential","REPLY_SMALL_TALK → REPLY_THANKS","2","none → none"
"Nice, thanks for sharing that.","CHAT","MULTI_STEP_TASK","SMALL_TALK_AND_THANKS","none","text","","","","","","","","",,,,"REPLY_SMALL_TALK","sequential","REPLY_SMALL_TALK → REPLY_THANKS","2","none → none"
"Cool answer, thank you.","CHAT","MULTI_STEP_TASK","SMALL_TALK_AND_THANKS","none","text","","","","","","","","",,,,"REPLY_SMALL_TALK","sequential","REPLY_SMALL_TALK → REPLY_THANKS","2","none → none"
"Ha, good one, thanks.","CHAT","MULTI_STEP_TASK","SMALL_TALK_AND_THANKS","none","text","","","","","","","","",,,,"REPLY_SMALL_TALK","sequential","REPLY_SMALL_TALK → REPLY_THANKS","2","none → none"
"Interesting, appreciate the info.","CHAT","MULTI_STEP_TASK","SMALL_TALK_AND_THANKS","none","text","","","","","","","","",,,,"REPLY_SMALL_TALK","sequential","REPLY_SMALL_TALK → REPLY_THANKS","2","none → none"
"That's a good joke, thanks Noah.","CHAT","MULTI_STEP_TASK","SMALL_TALK_AND_THANKS","none","text","","","","","","","","",,,,"REPLY_SMALL_TALK","sequential","REPLY_SMALL_TALK → REPLY_THANKS","2","none → none"
"Wow, thanks for explaining that.","CHAT","MULTI_STEP_TASK","SMALL_TALK_AND_THANKS","none","text","","","","","","","","",,,,"REPLY_SMALL_TALK","sequential","REPLY_SMALL_TALK → REPLY_THANKS","2","none → none"
"Good to know, thank you.","CHAT","MULTI_STEP_TASK","SMALL_TALK_AND_THANKS","none","text","","","","","","","","",,,,"REPLY_SMALL_TALK","sequential","REPLY_SMALL_TALK → REPLY_THANKS","2","none → none"
"That's helpful info, thanks a lot.","CHAT","MULTI_STEP_TASK","SMALL_TALK_AND_THANKS","none","text","","","","","","","","",,,,"REPLY_SMALL_TALK","sequential","REPLY_SMALL_TALK → REPLY_THANKS","2","none → none"
"Nice chat, thank you.","CHAT","MULTI_STEP_TASK","SMALL_TALK_AND_THANKS","none","text","","","","","","","","",,,,"REPLY_SMALL_TALK","sequential","REPLY_SMALL_TALK → REPLY_THANKS","2","none → none"
"That's cool, anyway I have to go, bye.","CHAT","MULTI_STEP_TASK","SMALL_TALK_AND_GOODBYE","none","text","","","","","","","","",,,,"REPLY_SMALL_TALK","sequential","REPLY_SMALL_TALK → REPLY_GOODBYE","2","none → none"
"Interesting, but I need to leave now, goodbye.","CHAT","MULTI_STEP_TASK","SMALL_TALK_AND_GOODBYE","none","text","","","","","","","","",,,,"REPLY_SMALL_TALK","sequential","REPLY_SMALL_TALK → REPLY_GOODBYE","2","none → none"
"Nice talking to you, see you later.","CHAT","MULTI_STEP_TASK","SMALL_TALK_AND_GOODBYE","none","text","","","","","","","","",,,,"REPLY_SMALL_TALK","sequential","REPLY_SMALL_TALK → REPLY_GOODBYE","2","none → none"
"Cool joke, alright I'm off, bye.","CHAT","MULTI_STEP_TASK","SMALL_TALK_AND_GOODBYE","none","text","","","","","","","","",,,,"REPLY_SMALL_TALK","sequential","REPLY_SMALL_TALK → REPLY_GOODBYE","2","none → none"
"Good to know, gotta run, bye.","CHAT","MULTI_STEP_TASK","SMALL_TALK_AND_GOODBYE","none","text","","","","","","","","",,,,"REPLY_SMALL_TALK","sequential","REPLY_SMALL_TALK → REPLY_GOODBYE","2","none → none"
"That's fun, talk to you soon.","CHAT","MULTI_STEP_TASK","SMALL_TALK_AND_GOODBYE","none","text","","","","","","","","",,,,"REPLY_SMALL_TALK","sequential","REPLY_SMALL_TALK → REPLY_GOODBYE","2","none → none"
"Nice chat Noah, goodbye for now.","CHAT","MULTI_STEP_TASK","SMALL_TALK_AND_GOODBYE","none","text","","","","","","","","",,,,"REPLY_SMALL_TALK","sequential","REPLY_SMALL_TALK → REPLY_GOODBYE","2","none → none"
"Alright, that's enough chatting, bye.","CHAT","MULTI_STEP_TASK","SMALL_TALK_AND_GOODBYE","none","text","","","","","","","","",,,,"REPLY_SMALL_TALK","sequential","REPLY_SMALL_TALK → REPLY_GOODBYE","2","none → none"
"Good one, anyway bye for now.","CHAT","MULTI_STEP_TASK","SMALL_TALK_AND_GOODBYE","none","text","","","","","","","","",,,,"REPLY_SMALL_TALK","sequential","REPLY_SMALL_TALK → REPLY_GOODBYE","2","none → none"
"Interesting stuff, catch you later.","CHAT","MULTI_STEP_TASK","SMALL_TALK_AND_GOODBYE","none","text","","","","","","","","",,,,"REPLY_SMALL_TALK","sequential","REPLY_SMALL_TALK → REPLY_GOODBYE","2","none → none"
"Any offers in Stuttgart.","OFFER","SEARCH","SEARCH","merchant_search","hybrid","","","","","","","Stuttgart","",,,,"SEARCH_OFFERS","single","SEARCH_OFFERS","1","merchant_search"
"Any offers on Galaxy S25.","OFFER","SEARCH","SEARCH","merchant_search","hybrid","Galaxy S25","","","","","","","",,,,"SEARCH_OFFERS","single","SEARCH_OFFERS","1","merchant_search"
"Any today's offers.","OFFER","SEARCH","SEARCH","merchant_search","hybrid","","","","","","","","",,,,"SEARCH_OFFERS","single","SEARCH_OFFERS","1","merchant_search"
"Can you find offers in Hamburg.","OFFER","SEARCH","SEARCH","merchant_search","hybrid","","","","","","","Hamburg","",,,,"SEARCH_OFFERS","single","SEARCH_OFFERS","1","merchant_search"
"Can you find offers on AirPods Pro.","OFFER","SEARCH","SEARCH","merchant_search","hybrid","AirPods Pro","","","","","","","",,,,"SEARCH_OFFERS","single","SEARCH_OFFERS","1","merchant_search"
"Can you find today's offers.","OFFER","SEARCH","SEARCH","merchant_search","hybrid","","","","","","","","",,,,"SEARCH_OFFERS","single","SEARCH_OFFERS","1","merchant_search"
"Display offers in Berlin.","OFFER","SEARCH","SEARCH","merchant_search","hybrid","","","","","","","Berlin","",,,,"SEARCH_OFFERS","single","SEARCH_OFFERS","1","merchant_search"
"Display offers in Cologne.","OFFER","SEARCH","SEARCH","merchant_search","hybrid","","","","","","","Cologne","",,,,"SEARCH_OFFERS","single","SEARCH_OFFERS","1","merchant_search"
"Display offers in Frankfurt.","OFFER","SEARCH","SEARCH","merchant_search","hybrid","","","","","","","Frankfurt","",,,,"SEARCH_OFFERS","single","SEARCH_OFFERS","1","merchant_search"
"Display offers on Cheese.","OFFER","SEARCH","SEARCH","merchant_search","hybrid","Cheese","","","","","","","",,,,"SEARCH_OFFERS","single","SEARCH_OFFERS","1","merchant_search"
"Display offers on Chicken Breast.","OFFER","SEARCH","SEARCH","merchant_search","hybrid","Chicken Breast","","","","","","","",,,,"SEARCH_OFFERS","single","SEARCH_OFFERS","1","merchant_search"
"Display offers on PlayStation 5.","OFFER","SEARCH","SEARCH","merchant_search","hybrid","PlayStation 5","","","","","","","",,,,"SEARCH_OFFERS","single","SEARCH_OFFERS","1","merchant_search"
"Display today's offers.","OFFER","SEARCH","SEARCH","merchant_search","hybrid","","","","","","","","",,,,"SEARCH_OFFERS","single","SEARCH_OFFERS","1","merchant_search"
"Find offers in Berlin.","OFFER","SEARCH","SEARCH","merchant_search","hybrid","","","","","","","Berlin","",,,,"SEARCH_OFFERS","single","SEARCH_OFFERS","1","merchant_search"
"Find offers in Cologne.","OFFER","SEARCH","SEARCH","merchant_search","hybrid","","","","","","","Cologne","",,,,"SEARCH_OFFERS","single","SEARCH_OFFERS","1","merchant_search"
"Find offers in Frankfurt.","OFFER","SEARCH","SEARCH","merchant_search","hybrid","","","","","","","Frankfurt","",,,,"SEARCH_OFFERS","single","SEARCH_OFFERS","1","merchant_search"
"Find offers in Stuttgart.","OFFER","SEARCH","SEARCH","merchant_search","hybrid","","","","","","","Stuttgart","",,,,"SEARCH_OFFERS","single","SEARCH_OFFERS","1","merchant_search"
"Find offers on AirPods Pro.","OFFER","SEARCH","SEARCH","merchant_search","hybrid","AirPods Pro","","","","","","","",,,,"SEARCH_OFFERS","single","SEARCH_OFFERS","1","merchant_search"
"Find offers on Butter.","OFFER","SEARCH","SEARCH","merchant_search","hybrid","Butter","","","","","","","",,,,"SEARCH_OFFERS","single","SEARCH_OFFERS","1","merchant_search"
"Find offers on Coffee Beans.","OFFER","SEARCH","SEARCH","merchant_search","hybrid","Coffee Beans","","","","","","","",,,,"SEARCH_OFFERS","single","SEARCH_OFFERS","1","merchant_search"
"Find offers on Eggs.","OFFER","SEARCH","SEARCH","merchant_search","hybrid","Eggs","","","","","","","",,,,"SEARCH_OFFERS","single","SEARCH_OFFERS","1","merchant_search"
"Find offers on Milk.","OFFER","SEARCH","SEARCH","merchant_search","hybrid","Milk","","","","","","","",,,,"SEARCH_OFFERS","single","SEARCH_OFFERS","1","merchant_search"
"I'm looking for offers in Frankfurt.","OFFER","SEARCH","SEARCH","merchant_search","hybrid","","","","","","","Frankfurt","",,,,"SEARCH_OFFERS","single","SEARCH_OFFERS","1","merchant_search"
"I'm looking for offers in Hamburg.","OFFER","SEARCH","SEARCH","merchant_search","hybrid","","","","","","","Hamburg","",,,,"SEARCH_OFFERS","single","SEARCH_OFFERS","1","merchant_search"
"I'm looking for offers on AirPods Pro.","OFFER","SEARCH","SEARCH","merchant_search","hybrid","AirPods Pro","","","","","","","",,,,"SEARCH_OFFERS","single","SEARCH_OFFERS","1","merchant_search"
"I'm looking for offers on Butter.","OFFER","SEARCH","SEARCH","merchant_search","hybrid","Butter","","","","","","","",,,,"SEARCH_OFFERS","single","SEARCH_OFFERS","1","merchant_search"
"I'm looking for offers on Chicken Breast.","OFFER","SEARCH","SEARCH","merchant_search","hybrid","Chicken Breast","","","","","","","",,,,"SEARCH_OFFERS","single","SEARCH_OFFERS","1","merchant_search"
"I'm looking for offers on Coffee Beans.","OFFER","SEARCH","SEARCH","merchant_search","hybrid","Coffee Beans","","","","","","","",,,,"SEARCH_OFFERS","single","SEARCH_OFFERS","1","merchant_search"
"List offers in Dresden.","OFFER","SEARCH","SEARCH","merchant_search","hybrid","","","","","","","Dresden","",,,,"SEARCH_OFFERS","single","SEARCH_OFFERS","1","merchant_search"
"List offers in Frankfurt REWE","OFFER","SEARCH","SEARCH","merchant_search","hybrid","","","REWE","","","","Frankfurt","",,,,"SEARCH_OFFERS","single","SEARCH_OFFERS","1","merchant_search"
"List offers in Leipzig DM","OFFER","SEARCH","SEARCH","merchant_search","hybrid","","","DM","","","","Leipzig","",,,,"SEARCH_OFFERS","single","SEARCH_OFFERS","1","merchant_search"
"List offers in Munich REWE","OFFER","SEARCH","SEARCH","merchant_search","hybrid","","","REWE","","","","Munich","",,,,"SEARCH_OFFERS","single","SEARCH_OFFERS","1","merchant_search"
"List offers on Milk ","OFFER","SEARCH","SEARCH","merchant_search","hybrid","Milk","","","","","","","",,,,"SEARCH_OFFERS","single","SEARCH_OFFERS","1","merchant_search"
"List today's offers.","OFFER","SEARCH","SEARCH","merchant_search","hybrid","","","","","","","","",,,,"SEARCH_OFFERS","single","SEARCH_OFFERS","1","merchant_search"
"Need offers in Berlin.","OFFER","SEARCH","SEARCH","merchant_search","hybrid","","","","","","","Berlin","",,,,"SEARCH_OFFERS","single","SEARCH_OFFERS","1","merchant_search"
"Need offers in Hamburg.","OFFER","SEARCH","SEARCH","merchant_search","hybrid","","","","","","","Hamburg","",,,,"SEARCH_OFFERS","single","SEARCH_OFFERS","1","merchant_search"
"Need offers on Butter.","OFFER","SEARCH","SEARCH","merchant_search","hybrid","Butter","","","","","","","",,,,"SEARCH_OFFERS","single","SEARCH_OFFERS","1","merchant_search"
"Need offers on Coffee Beans.","OFFER","SEARCH","SEARCH","merchant_search","hybrid","Coffee Beans","","","","","","","",,,,"SEARCH_OFFERS","single","SEARCH_OFFERS","1","merchant_search"
"Need offers on MacBook Air.","OFFER","SEARCH","SEARCH","merchant_search","hybrid","MacBook Air","","","","","","","",,,,"SEARCH_OFFERS","single","SEARCH_OFFERS","1","merchant_search"
"Need offers on Orange Juice.","OFFER","SEARCH","SEARCH","merchant_search","hybrid","Orange Juice","","","","","","","",,,,"SEARCH_OFFERS","single","SEARCH_OFFERS","1","merchant_search"
"Need today's offers.","OFFER","SEARCH","SEARCH","merchant_search","hybrid","","","","","","","","",,,,"SEARCH_OFFERS","single","SEARCH_OFFERS","1","merchant_search"
"Search for offers in Cologne.","OFFER","SEARCH","SEARCH","merchant_search","hybrid","","","","","","","Cologne","",,,,"SEARCH_OFFERS","single","SEARCH_OFFERS","1","merchant_search"
"Search for offers in Frankfurt.","OFFER","SEARCH","SEARCH","merchant_search","hybrid","","","","","","","Frankfurt","",,,,"SEARCH_OFFERS","single","SEARCH_OFFERS","1","merchant_search"
"Search for offers in Hamburg.","OFFER","SEARCH","SEARCH","merchant_search","hybrid","","","","","","","Hamburg","",,,,"SEARCH_OFFERS","single","SEARCH_OFFERS","1","merchant_search"
"Search for offers on Milk.","OFFER","SEARCH","SEARCH","merchant_search","hybrid","Milk","","","","","","","",,,,"SEARCH_OFFERS","single","SEARCH_OFFERS","1","merchant_search"
"Search for offers on Rice.","OFFER","SEARCH","SEARCH","merchant_search","hybrid","Rice","","","","","","","",,,,"SEARCH_OFFERS","single","SEARCH_OFFERS","1","merchant_search"
"Search for today's offers.","OFFER","SEARCH","SEARCH","merchant_search","hybrid","","","","","","","","",,,,"SEARCH_OFFERS","single","SEARCH_OFFERS","1","merchant_search"
"Show offers in Berlin.","OFFER","SEARCH","SEARCH","merchant_search","hybrid","","","","","","","Berlin","",,,,"SEARCH_OFFERS","single","SEARCH_OFFERS","1","merchant_search"
"Show offers in Cologne.","OFFER","SEARCH","SEARCH","merchant_search","hybrid","","","","","","","Cologne","",,,,"SEARCH_OFFERS","single","SEARCH_OFFERS","1","merchant_search"
"Show offers in Frankfurt.","OFFER","SEARCH","SEARCH","merchant_search","hybrid","","","","","","","Frankfurt","",,,,"SEARCH_OFFERS","single","SEARCH_OFFERS","1","merchant_search"
"Show offers on Cheese.","OFFER","SEARCH","SEARCH","merchant_search","hybrid","Cheese","","","","","","","",,,,"SEARCH_OFFERS","single","SEARCH_OFFERS","1","merchant_search"
"Show offers on Pasta.","OFFER","SEARCH","SEARCH","merchant_search","hybrid","Pasta","","","","","","","",,,,"SEARCH_OFFERS","single","SEARCH_OFFERS","1","merchant_search"
"Show offers on PlayStation 5.","OFFER","SEARCH","SEARCH","merchant_search","hybrid","PlayStation 5","","","","","","","",,,,"SEARCH_OFFERS","single","SEARCH_OFFERS","1","merchant_search"
"Show today's offers.","OFFER","SEARCH","SEARCH","merchant_search","hybrid","","","","","","","","",,,,"SEARCH_OFFERS","single","SEARCH_OFFERS","1","merchant_search"
"What are offers in Frankfurt.","OFFER","SEARCH","SEARCH","merchant_search","hybrid","","","","","","","Frankfurt","",,,,"SEARCH_OFFERS","single","SEARCH_OFFERS","1","merchant_search"
"What are offers on Eggs.","OFFER","SEARCH","SEARCH","merchant_search","hybrid","Eggs","","","","","","","",,,,"SEARCH_OFFERS","single","SEARCH_OFFERS","1","merchant_search"
"What are offers on PlayStation 5.","OFFER","SEARCH","SEARCH","merchant_search","hybrid","PlayStation 5","","","","","","","",,,,"SEARCH_OFFERS","single","SEARCH_OFFERS","1","merchant_search"
"What are today's offers.","OFFER","SEARCH","SEARCH","merchant_search","hybrid","","","","","","","","",,,,"SEARCH_OFFERS","single","SEARCH_OFFERS","1","merchant_search"
"Any Adidas Galaxy S25 offers under �500 in Leipzig.","OFFER","SEARCH","SEARCH_BY_BRAND","merchant_search","hybrid","Galaxy S25","","Adidas","","","500","Leipzig","",,,,"SEARCH_OFFERS_BY_BRAND","single","SEARCH_OFFERS_BY_BRAND","1","merchant_search"
"Any LG offers under �500 in Stuttgart.","OFFER","SEARCH","SEARCH_BY_BRAND","merchant_search","hybrid","","","LG","","","500","Stuttgart","",,,,"SEARCH_OFFERS_BY_BRAND","single","SEARCH_OFFERS_BY_BRAND","1","merchant_search"
"Any Nutella offers.","OFFER","SEARCH","SEARCH_BY_BRAND","merchant_search","hybrid","","","Nutella","","","","","",,,,"SEARCH_OFFERS_BY_BRAND","single","SEARCH_OFFERS_BY_BRAND","1","merchant_search"
"Any Samsung offers.","OFFER","SEARCH","SEARCH_BY_BRAND","merchant_search","hybrid","","","Samsung","","","","","",,,,"SEARCH_OFFERS_BY_BRAND","single","SEARCH_OFFERS_BY_BRAND","1","merchant_search"
"Any Chicken Breast offers in Hamburg.","OFFER","SEARCH","SEARCH_BY_BRAND","merchant_search","hybrid","Chicken Breast","","","","","","Hamburg","",,,,"SEARCH_OFFERS_BY_BRAND","single","SEARCH_OFFERS_BY_BRAND","1","merchant_search"
"Any Sony offers.","OFFER","SEARCH","SEARCH_BY_BRAND","merchant_search","hybrid","","","Sony","","","","","",,,,"SEARCH_OFFERS_BY_BRAND","single","SEARCH_OFFERS_BY_BRAND","1","merchant_search"
"Can you find Galaxy S25 offers under �500 in Stuttgart.","OFFER","SEARCH","SEARCH_BY_BRAND","merchant_search","hybrid","Galaxy S25","","samsung","","","500","Stuttgart","",,,,"SEARCH_OFFERS_BY_BRAND","single","SEARCH_OFFERS_BY_BRAND","1","merchant_search"
"Can you find Apple offers.","OFFER","SEARCH","SEARCH_BY_BRAND","merchant_search","hybrid","","","Apple","","","","","",,,,"SEARCH_OFFERS_BY_BRAND","single","SEARCH_OFFERS_BY_BRAND","1","merchant_search"
"Can you find HP offers.","OFFER","SEARCH","SEARCH_BY_BRAND","merchant_search","hybrid","","","HP","","","","","",,,,"SEARCH_OFFERS_BY_BRAND","single","SEARCH_OFFERS_BY_BRAND","1","merchant_search"
"Can you find Lenovo offers.","OFFER","SEARCH","SEARCH_BY_BRAND","merchant_search","hybrid","","","Lenovo","","","","","",,,,"SEARCH_OFFERS_BY_BRAND","single","SEARCH_OFFERS_BY_BRAND","1","merchant_search"
"Can you find Sony offers.","OFFER","SEARCH","SEARCH_BY_BRAND","merchant_search","hybrid","","","Sony","","","","","",,,,"SEARCH_OFFERS_BY_BRAND","single","SEARCH_OFFERS_BY_BRAND","1","merchant_search"
"Display Coffee offers under �50 in Leipzig.","OFFER","SEARCH","SEARCH_BY_BRAND","merchant_search","hybrid","Coffee","","","","","50","Leipzig","",,,,"SEARCH_OFFERS","single","SEARCH_OFFERS","1","merchant_search"
"Display Dell offers.","OFFER","SEARCH","SEARCH_BY_BRAND","merchant_search","hybrid","","","Dell","","","","","",,,,"SEARCH_OFFERS_BY_BRAND","single","SEARCH_OFFERS_BY_BRAND","1","merchant_search"
"Display HP Running Shoes offers under �200 in Stuttgart.","OFFER","SEARCH","SEARCH_BY_BRAND","merchant_search","hybrid","Running Shoes","","HP","","","200","Stuttgart","",,,,"SEARCH_OFFERS_BY_BRAND","single","SEARCH_OFFERS_BY_BRAND","1","merchant_search"
"Display LG offers under �100 in Berlin.","OFFER","SEARCH","SEARCH_BY_BRAND","merchant_search","hybrid","","","LG","","","100","Berlin","",,,,"SEARCH_OFFERS_BY_BRAND","single","SEARCH_OFFERS_BY_BRAND","1","merchant_search"
"Display Nutella offers.","OFFER","SEARCH","SEARCH_BY_BRAND","merchant_search","hybrid","","","Nutella","","","","","",,,,"SEARCH_OFFERS_BY_BRAND","single","SEARCH_OFFERS_BY_BRAND","1","merchant_search"
"Display Puma offers.","OFFER","SEARCH","SEARCH_BY_BRAND","merchant_search","hybrid","","","Puma","","","","","",,,,"SEARCH_OFFERS_BY_BRAND","single","SEARCH_OFFERS_BY_BRAND","1","merchant_search"
"Find iPhone 16 offers under �1000 in Cologne.","OFFER","SEARCH","SEARCH_BY_BRAND","merchant_search","hybrid","iPhone 16","","Apple","","","1000","Cologne","",,,,"SEARCH_OFFERS_BY_BRAND","single","SEARCH_OFFERS_BY_BRAND","1","merchant_search"
"Find woodland offers.","OFFER","SEARCH","SEARCH_BY_BRAND","merchant_search","hybrid","","","woodland","","","","","",,,,"SEARCH_OFFERS_BY_BRAND","single","SEARCH_OFFERS_BY_BRAND","1","merchant_search"
"Find Apple Watch offers under �50 in Munich.","OFFER","SEARCH","SEARCH_BY_BRAND","merchant_search","hybrid","Watch","","Apple","","","50","Munich","",,,,"SEARCH_OFFERS_BY_BRAND","single","SEARCH_OFFERS_BY_BRAND","1","merchant_search"
"Find Sony offers.","OFFER","SEARCH","SEARCH_BY_BRAND","merchant_search","hybrid","","","Sony","","","","","",,,,"SEARCH_OFFERS_BY_BRAND","single","SEARCH_OFFERS_BY_BRAND","1","merchant_search"
"I'm looking for Dell offers.","OFFER","SEARCH","SEARCH_BY_BRAND","merchant_search","hybrid","","","Dell","","","","","",,,,"SEARCH_OFFERS_BY_BRAND","single","SEARCH_OFFERS_BY_BRAND","1","merchant_search"
"I'm looking for Sneakers offers under �200 in Munich.","OFFER","SEARCH","SEARCH_BY_BRAND","merchant_search","hybrid","Sneakers","","","","","200","Munich","",,,,"SEARCH_OFFERS","single","SEARCH_OFFERS","1","merchant_search"
"List Coffee Beans offers under �25 in Cologne.","OFFER","SEARCH","SEARCH_BY_BRAND","merchant_search","hybrid","Coffee Beans","","","","","25","Cologne","",,,,"SEARCH_OFFERS","single","SEARCH_OFFERS","1","merchant_search"
"List Coke offers.","OFFER","SEARCH","SEARCH_BY_BRAND","merchant_search","hybrid","Coke","","Cola","","","","","",,,,"SEARCH_OFFERS_BY_BRAND","single","SEARCH_OFFERS_BY_BRAND","1","merchant_search"
"List Apple Watch offers under �100 in Munich.","OFFER","SEARCH","SEARCH_BY_BRAND","merchant_search","hybrid","Apple Watch","","Nike","","","100","Munich","",,,,"SEARCH_OFFERS_BY_BRAND","single","SEARCH_OFFERS_BY_BRAND","1","merchant_search"
"List iPhone 16 offers under �500 in Dresden.","OFFER","SEARCH","SEARCH_BY_BRAND","merchant_search","hybrid","iPhone 16","","Apple","","","500","Dresden","",,,,"SEARCH_OFFERS_BY_BRAND","single","SEARCH_OFFERS_BY_BRAND","1","merchant_search"
"List Nivea offers.","OFFER","SEARCH","SEARCH_BY_BRAND","merchant_search","hybrid","","","Nivea","","","","","",,,,"SEARCH_OFFERS_BY_BRAND","single","SEARCH_OFFERS_BY_BRAND","1","merchant_search"
"Need Adidas offers.","OFFER","SEARCH","SEARCH_BY_BRAND","merchant_search","hybrid","","","Adidas","","","","","",,,,"SEARCH_OFFERS_BY_BRAND","single","SEARCH_OFFERS_BY_BRAND","1","merchant_search"
"Show me offers on Under Armour.","OFFER","SEARCH","SEARCH_BY_BRAND","merchant_search","hybrid","","","Under Armour","","","","","",,,,"SEARCH_OFFERS_BY_BRAND","single","SEARCH_OFFERS_BY_BRAND","1","merchant_search"
"Need White Pasta offers under �100 in Hamburg.","OFFER","SEARCH","SEARCH_BY_BRAND","merchant_search","hybrid","White Pasta","","","","","100","Hamburg","",,,,"SEARCH_OFFERS","single","SEARCH_OFFERS","1","merchant_search"
"Need Sony offers.","OFFER","SEARCH","SEARCH_BY_BRAND","merchant_search","hybrid","","","Sony","","","","","",,,,"SEARCH_OFFERS_BY_BRAND","single","SEARCH_OFFERS_BY_BRAND","1","merchant_search"
"Search for Pasta offers under �50 in Munich.","OFFER","SEARCH","SEARCH_BY_BRAND","merchant_search","hybrid","Pasta","","","","","50","Munich","",,,,"SEARCH_OFFERS_BY_BRAND","single","SEARCH_OFFERS_BY_BRAND","1","merchant_search"
"Search for Lenovo offers.","OFFER","SEARCH","SEARCH_BY_BRAND","merchant_search","hybrid","","","Lenovo","","","","","",,,,"SEARCH_OFFERS_BY_BRAND","single","SEARCH_OFFERS_BY_BRAND","1","merchant_search"
"Search for Coffee Beans offers under �25 in Leipzig.","OFFER","SEARCH","SEARCH_BY_BRAND","merchant_search","hybrid","Coffee Beans","","","","","25","Leipzig","",,,,"SEARCH_OFFERS","single","SEARCH_OFFERS","1","merchant_search"
"Show H&M offers.","OFFER","SEARCH","SEARCH_BY_BRAND","merchant_search","hybrid","","","H&M","","","","","",,,,"SEARCH_OFFERS_BY_BRAND","single","SEARCH_OFFERS_BY_BRAND","1","merchant_search"
"Show PlayStation 5 offers under �50 in Frankfurt.","OFFER","SEARCH","SEARCH_BY_BRAND","merchant_search","hybrid","PlayStation 5","","","","","50","Frankfurt","",,,,"SEARCH_OFFERS","single","SEARCH_OFFERS","1","merchant_search"
"What are H&M offers under �100 in Frankfurt.","OFFER","SEARCH","SEARCH_BY_BRAND","merchant_search","hybrid","","","H&M","","","100","Frankfurt","",,,,"SEARCH_OFFERS_BY_BRAND","single","SEARCH_OFFERS_BY_BRAND","1","merchant_search"
"What are AirPods Pro offers under �100 in Frankfurt.","OFFER","SEARCH","SEARCH_BY_BRAND","merchant_search","hybrid","AirPods Pro","","Apple","","","100","Frankfurt","",,,,"SEARCH_OFFERS_BY_BRAND","single","SEARCH_OFFERS_BY_BRAND","1","merchant_search"
"What are Nutella offers.","OFFER","SEARCH","SEARCH_BY_BRAND","merchant_search","hybrid","","","Nutella","","","","","",,,,"SEARCH_OFFERS_BY_BRAND","single","SEARCH_OFFERS_BY_BRAND","1","merchant_search"
"What are Puma offers.","OFFER","SEARCH","SEARCH_BY_BRAND","merchant_search","hybrid","","","Puma","","","","","",,,,"SEARCH_OFFERS_BY_BRAND","single","SEARCH_OFFERS_BY_BRAND","1","merchant_search"
"What are Samsung offers under �500","OFFER","SEARCH","SEARCH_BY_BRAND","merchant_search","hybrid","","","Samsung","","","500","","",,,,"SEARCH_OFFERS_BY_BRAND","single","SEARCH_OFFERS_BY_BRAND","1","merchant_search"
"Any fashion deals.","OFFER","SEARCH","SEARCH_BY_CATEGORY","merchant_search","hybrid","","","","Fashion","","","","",,,,"SEARCH_OFFERS_BY_CATEGORY","single","SEARCH_OFFERS_BY_CATEGORY","1","merchant_search"
"Any groceries deals.","OFFER","SEARCH","SEARCH_BY_CATEGORY","merchant_search","hybrid","","","","Groceries","","","","",,,,"SEARCH_OFFERS_BY_CATEGORY","single","SEARCH_OFFERS_BY_CATEGORY","1","merchant_search"
"Can you find beauty deals.","OFFER","SEARCH","SEARCH_BY_CATEGORY","merchant_search","hybrid","","","","Beauty","","","","",,,,"SEARCH_OFFERS_BY_CATEGORY","single","SEARCH_OFFERS_BY_CATEGORY","1","merchant_search"
"Can you find sports deals.","OFFER","SEARCH","SEARCH_BY_CATEGORY","merchant_search","hybrid","","","","Sports","","","","",,,,"SEARCH_OFFERS_BY_CATEGORY","single","SEARCH_OFFERS_BY_CATEGORY","1","merchant_search"
"Display beauty deals.","OFFER","SEARCH","SEARCH_BY_CATEGORY","merchant_search","hybrid","","","","Beauty","","","","",,,,"SEARCH_OFFERS_BY_CATEGORY","single","SEARCH_OFFERS_BY_CATEGORY","1","merchant_search"
"Display food deals.","OFFER","SEARCH","SEARCH_BY_CATEGORY","merchant_search","hybrid","","","","Food","","","","",,,,"SEARCH_OFFERS_BY_CATEGORY","single","SEARCH_OFFERS_BY_CATEGORY","1","merchant_search"
"Display home deals.","OFFER","SEARCH","SEARCH_BY_CATEGORY","merchant_search","hybrid","","","","Home","","","","",,,,"SEARCH_OFFERS_BY_CATEGORY","single","SEARCH_OFFERS_BY_CATEGORY","1","merchant_search"
"Display sports deals.","OFFER","SEARCH","SEARCH_BY_CATEGORY","merchant_search","hybrid","","","","Sports","","","","",,,,"SEARCH_OFFERS_BY_CATEGORY","single","SEARCH_OFFERS_BY_CATEGORY","1","merchant_search"
"Find fashion deals.","OFFER","SEARCH","SEARCH_BY_CATEGORY","merchant_search","hybrid","","","","Fashion","","","","",,,,"SEARCH_OFFERS_BY_CATEGORY","single","SEARCH_OFFERS_BY_CATEGORY","1","merchant_search"
"Find food deals.","OFFER","SEARCH","SEARCH_BY_CATEGORY","merchant_search","hybrid","","","","Food","","","","",,,,"SEARCH_OFFERS_BY_CATEGORY","single","SEARCH_OFFERS_BY_CATEGORY","1","merchant_search"
"I'm looking for fashion deals.","OFFER","SEARCH","SEARCH_BY_CATEGORY","merchant_search","hybrid","","","","Fashion","","","","",,,,"SEARCH_OFFERS_BY_CATEGORY","single","SEARCH_OFFERS_BY_CATEGORY","1","merchant_search"
"List beauty deals.","OFFER","SEARCH","SEARCH_BY_CATEGORY","merchant_search","hybrid","","","","Beauty","","","","",,,,"SEARCH_OFFERS_BY_CATEGORY","single","SEARCH_OFFERS_BY_CATEGORY","1","merchant_search"
"List fashion deals.","OFFER","SEARCH","SEARCH_BY_CATEGORY","merchant_search","hybrid","","","","Fashion","","","","",,,,"SEARCH_OFFERS_BY_CATEGORY","single","SEARCH_OFFERS_BY_CATEGORY","1","merchant_search"
"List food deals.","OFFER","SEARCH","SEARCH_BY_CATEGORY","merchant_search","hybrid","","","","Food","","","","",,,,"SEARCH_OFFERS_BY_CATEGORY","single","SEARCH_OFFERS_BY_CATEGORY","1","merchant_search"
"List sports deals.","OFFER","SEARCH","SEARCH_BY_CATEGORY","merchant_search","hybrid","","","","Sports","","","","",,,,"SEARCH_OFFERS_BY_CATEGORY","single","SEARCH_OFFERS_BY_CATEGORY","1","merchant_search"
"Need fashion deals.","OFFER","SEARCH","SEARCH_BY_CATEGORY","merchant_search","hybrid","","","","Fashion","","","","",,,,"SEARCH_OFFERS_BY_CATEGORY","single","SEARCH_OFFERS_BY_CATEGORY","1","merchant_search"
"Need food deals.","OFFER","SEARCH","SEARCH_BY_CATEGORY","merchant_search","hybrid","","","","Food","","","","",,,,"SEARCH_OFFERS_BY_CATEGORY","single","SEARCH_OFFERS_BY_CATEGORY","1","merchant_search"
"Need sports deals.","OFFER","SEARCH","SEARCH_BY_CATEGORY","merchant_search","hybrid","","","","Sports","","","","",,,,"SEARCH_OFFERS_BY_CATEGORY","single","SEARCH_OFFERS_BY_CATEGORY","1","merchant_search"
"Search for fashion deals.","OFFER","SEARCH","SEARCH_BY_CATEGORY","merchant_search","hybrid","","","","Fashion","","","","",,,,"SEARCH_OFFERS_BY_CATEGORY","single","SEARCH_OFFERS_BY_CATEGORY","1","merchant_search"
"Search for food deals.","OFFER","SEARCH","SEARCH_BY_CATEGORY","merchant_search","hybrid","","","","Food","","","","",,,,"SEARCH_OFFERS_BY_CATEGORY","single","SEARCH_OFFERS_BY_CATEGORY","1","merchant_search"
"Search for groceries deals.","OFFER","SEARCH","SEARCH_BY_CATEGORY","merchant_search","hybrid","","","","Groceries","","","","",,,,"SEARCH_OFFERS_BY_CATEGORY","single","SEARCH_OFFERS_BY_CATEGORY","1","merchant_search"
"Search for home deals.","OFFER","SEARCH","SEARCH_BY_CATEGORY","merchant_search","hybrid","","","","Home","","","","",,,,"SEARCH_OFFERS_BY_CATEGORY","single","SEARCH_OFFERS_BY_CATEGORY","1","merchant_search"
"Show beauty deals.","OFFER","SEARCH","SEARCH_BY_CATEGORY","merchant_search","hybrid","","","","Beauty","","","","",,,,"SEARCH_OFFERS_BY_CATEGORY","single","SEARCH_OFFERS_BY_CATEGORY","1","merchant_search"
"What are food deals.","OFFER","SEARCH","SEARCH_BY_CATEGORY","merchant_search","hybrid","","","","Food","","","","",,,,"SEARCH_OFFERS_BY_CATEGORY","single","SEARCH_OFFERS_BY_CATEGORY","1","merchant_search"
"Any offers from Kiosk.","OFFER","SEARCH","SEARCH_BY_MERCHANT","merchant_search","hybrid","","Kiosk","","","","","","",,,,"SEARCH_OFFERS_BY_MERCHANT","single","SEARCH_OFFERS_BY_MERCHANT","1","merchant_search"
"Any offers from dm.","OFFER","SEARCH","SEARCH_BY_MERCHANT","merchant_search","hybrid","","dm","","","","","","",,,,"SEARCH_OFFERS_BY_MERCHANT","single","SEARCH_OFFERS_BY_MERCHANT","1","merchant_search"
"Can you find offers from dm.","OFFER","SEARCH","SEARCH_BY_MERCHANT","merchant_search","hybrid","","dm","","","","","","",,,,"SEARCH_OFFERS_BY_MERCHANT","single","SEARCH_OFFERS_BY_MERCHANT","1","merchant_search"
"Display offers from dm.","OFFER","SEARCH","SEARCH_BY_MERCHANT","merchant_search","hybrid","","dm","","","","","","",,,,"SEARCH_OFFERS_BY_MERCHANT","single","SEARCH_OFFERS_BY_MERCHANT","1","merchant_search"
"Find offers from Kaufland.","OFFER","SEARCH","SEARCH_BY_MERCHANT","merchant_search","hybrid","","Kaufland","","","","","","",,,,"SEARCH_OFFERS_BY_MERCHANT","single","SEARCH_OFFERS_BY_MERCHANT","1","merchant_search"
"I'm looking for offers from Kaufland.","OFFER","SEARCH","SEARCH_BY_MERCHANT","merchant_search","hybrid","","Kaufland","","","","","","",,,,"SEARCH_OFFERS_BY_MERCHANT","single","SEARCH_OFFERS_BY_MERCHANT","1","merchant_search"
"I'm looking for offers from McDonald's.","OFFER","SEARCH","SEARCH_BY_MERCHANT","merchant_search","hybrid","","McDonald's","","","","","","",,,,"SEARCH_OFFERS_BY_MERCHANT","single","SEARCH_OFFERS_BY_MERCHANT","1","merchant_search"
"I'm looking for offers from MediaMarkt.","OFFER","SEARCH","SEARCH_BY_MERCHANT","merchant_search","hybrid","","MediaMarkt","","","","","","",,,,"SEARCH_OFFERS_BY_MERCHANT","single","SEARCH_OFFERS_BY_MERCHANT","1","merchant_search"
"I'm looking for offers from REWE.","OFFER","SEARCH","SEARCH_BY_MERCHANT","merchant_search","hybrid","","REWE","","","","","","",,,,"SEARCH_OFFERS_BY_MERCHANT","single","SEARCH_OFFERS_BY_MERCHANT","1","merchant_search"
"I'm looking for offers from Starbucks.","OFFER","SEARCH","SEARCH_BY_MERCHANT","merchant_search","hybrid","","Starbucks","","","","","","",,,,"SEARCH_OFFERS_BY_MERCHANT","single","SEARCH_OFFERS_BY_MERCHANT","1","merchant_search"
"I'm looking for offers from dm.","OFFER","SEARCH","SEARCH_BY_MERCHANT","merchant_search","hybrid","","dm","","","","","","",,,,"SEARCH_OFFERS_BY_MERCHANT","single","SEARCH_OFFERS_BY_MERCHANT","1","merchant_search"
"List offers from Edeka.","OFFER","SEARCH","SEARCH_BY_MERCHANT","merchant_search","hybrid","","Edeka","","","","","","",,,,"SEARCH_OFFERS_BY_MERCHANT","single","SEARCH_OFFERS_BY_MERCHANT","1","merchant_search"
"List offers from H&M.","OFFER","SEARCH","SEARCH_BY_MERCHANT","merchant_search","hybrid","","H&M","","","","","","",,,,"SEARCH_OFFERS_BY_MERCHANT","single","SEARCH_OFFERS_BY_MERCHANT","1","merchant_search"
"List offers from MediaMarkt.","OFFER","SEARCH","SEARCH_BY_MERCHANT","merchant_search","hybrid","","MediaMarkt","","","","","","",,,,"SEARCH_OFFERS_BY_MERCHANT","single","SEARCH_OFFERS_BY_MERCHANT","1","merchant_search"
"Search for offers from Kaufland.","OFFER","SEARCH","SEARCH_BY_MERCHANT","merchant_search","hybrid","","Kaufland","","","","","","",,,,"SEARCH_OFFERS_BY_MERCHANT","single","SEARCH_OFFERS_BY_MERCHANT","1","merchant_search"
"Search for offers from MediaMarkt.","OFFER","SEARCH","SEARCH_BY_MERCHANT","merchant_search","hybrid","","MediaMarkt","","","","","","",,,,"SEARCH_OFFERS_BY_MERCHANT","single","SEARCH_OFFERS_BY_MERCHANT","1","merchant_search"
"Search for offers from Rossmann.","OFFER","SEARCH","SEARCH_BY_MERCHANT","merchant_search","hybrid","","Rossmann","","","","","","",,,,"SEARCH_OFFERS_BY_MERCHANT","single","SEARCH_OFFERS_BY_MERCHANT","1","merchant_search"
"Show offers from Amazon.","OFFER","SEARCH","SEARCH_BY_MERCHANT","merchant_search","hybrid","","Amazon","","","","","","",,,,"SEARCH_OFFERS_BY_MERCHANT","single","SEARCH_OFFERS_BY_MERCHANT","1","merchant_search"
"Show offers from IKEA.","OFFER","SEARCH","SEARCH_BY_MERCHANT","merchant_search","hybrid","","IKEA","","","","","","",,,,"SEARCH_OFFERS_BY_MERCHANT","single","SEARCH_OFFERS_BY_MERCHANT","1","merchant_search"
"What are offers from Amazon.","OFFER","SEARCH","SEARCH_BY_MERCHANT","merchant_search","hybrid","","Amazon","","","","","","",,,,"SEARCH_OFFERS_BY_MERCHANT","single","SEARCH_OFFERS_BY_MERCHANT","1","merchant_search"
"What are offers from Lidl.","OFFER","SEARCH","SEARCH_BY_MERCHANT","merchant_search","hybrid","","Lidl","","","","","","",,,,"SEARCH_OFFERS_BY_MERCHANT","single","SEARCH_OFFERS_BY_MERCHANT","1","merchant_search"
"Any offers under �30.","OFFER","SEARCH","SEARCH_BY_PRICE","merchant_search","hybrid","","","","","","30","","",,,,"SEARCH_OFFERS_BY_PRICE","single","SEARCH_OFFERS_BY_PRICE","1","merchant_search"
"Any offers under �500.","OFFER","SEARCH","SEARCH_BY_PRICE","merchant_search","hybrid","","","","","","500","","",,,,"SEARCH_OFFERS_BY_PRICE","single","SEARCH_OFFERS_BY_PRICE","1","merchant_search"
"Can you find offers under �10.","OFFER","SEARCH","SEARCH_BY_PRICE","merchant_search","hybrid","","","","","","10","","",,,,"SEARCH_OFFERS_BY_PRICE","single","SEARCH_OFFERS_BY_PRICE","1","merchant_search"
"Can you find offers under �100.","OFFER","SEARCH","SEARCH_BY_PRICE","merchant_search","hybrid","","","","","","100","","",,,,"SEARCH_OFFERS_BY_PRICE","single","SEARCH_OFFERS_BY_PRICE","1","merchant_search"
"Can you find offers under �30.","OFFER","SEARCH","SEARCH_BY_PRICE","merchant_search","hybrid","","","","","","30","","",,,,"SEARCH_OFFERS_BY_PRICE","single","SEARCH_OFFERS_BY_PRICE","1","merchant_search"
"Can you find offers under �5.","OFFER","SEARCH","SEARCH_BY_PRICE","merchant_search","hybrid","","","","","","5","","",,,,"SEARCH_OFFERS_BY_PRICE","single","SEARCH_OFFERS_BY_PRICE","1","merchant_search"
"Can you find offers under �500.","OFFER","SEARCH","SEARCH_BY_PRICE","merchant_search","hybrid","","","","","","500","","",,,,"SEARCH_OFFERS_BY_PRICE","single","SEARCH_OFFERS_BY_PRICE","1","merchant_search"
"Display offers under �10.","OFFER","SEARCH","SEARCH_BY_PRICE","merchant_search","hybrid","","","","","","10","","",,,,"SEARCH_OFFERS_BY_PRICE","single","SEARCH_OFFERS_BY_PRICE","1","merchant_search"
"Display offers under �100.","OFFER","SEARCH","SEARCH_BY_PRICE","merchant_search","hybrid","","","","","","100","","",,,,"SEARCH_OFFERS_BY_PRICE","single","SEARCH_OFFERS_BY_PRICE","1","merchant_search"
"Display offers under �1000.","OFFER","SEARCH","SEARCH_BY_PRICE","merchant_search","hybrid","","","","","","1000","","",,,,"SEARCH_OFFERS_BY_PRICE","single","SEARCH_OFFERS_BY_PRICE","1","merchant_search"
"Display offers under �5.","OFFER","SEARCH","SEARCH_BY_PRICE","merchant_search","hybrid","","","","","","5","","",,,,"SEARCH_OFFERS_BY_PRICE","single","SEARCH_OFFERS_BY_PRICE","1","merchant_search"
"Display offers under �50.","OFFER","SEARCH","SEARCH_BY_PRICE","merchant_search","hybrid","","","","","","50","","",,,,"SEARCH_OFFERS_BY_PRICE","single","SEARCH_OFFERS_BY_PRICE","1","merchant_search"
"Find offers under �20.","OFFER","SEARCH","SEARCH_BY_PRICE","merchant_search","hybrid","","","","","","20","","",,,,"SEARCH_OFFERS_BY_PRICE","single","SEARCH_OFFERS_BY_PRICE","1","merchant_search"
"Find offers under �5.","OFFER","SEARCH","SEARCH_BY_PRICE","merchant_search","hybrid","","","","","","5","","",,,,"SEARCH_OFFERS_BY_PRICE","single","SEARCH_OFFERS_BY_PRICE","1","merchant_search"
"I'm looking for offers under �10.","OFFER","SEARCH","SEARCH_BY_PRICE","merchant_search","hybrid","","","","","","10","","",,,,"SEARCH_OFFERS_BY_PRICE","single","SEARCH_OFFERS_BY_PRICE","1","merchant_search"
"I'm looking for offers under �50.","OFFER","SEARCH","SEARCH_BY_PRICE","merchant_search","hybrid","","","","","","50","","",,,,"SEARCH_OFFERS_BY_PRICE","single","SEARCH_OFFERS_BY_PRICE","1","merchant_search"
"List offers under �5.","OFFER","SEARCH","SEARCH_BY_PRICE","merchant_search","hybrid","","","","","","5","","",,,,"SEARCH_OFFERS_BY_PRICE","single","SEARCH_OFFERS_BY_PRICE","1","merchant_search"
"Need offers under �100.","OFFER","SEARCH","SEARCH_BY_PRICE","merchant_search","hybrid","","","","","","100","","",,,,"SEARCH_OFFERS_BY_PRICE","single","SEARCH_OFFERS_BY_PRICE","1","merchant_search"
"Need offers under �30.","OFFER","SEARCH","SEARCH_BY_PRICE","merchant_search","hybrid","","","","","","30","","",,,,"SEARCH_OFFERS_BY_PRICE","single","SEARCH_OFFERS_BY_PRICE","1","merchant_search"
"Need offers under �5.","OFFER","SEARCH","SEARCH_BY_PRICE","merchant_search","hybrid","","","","","","5","","",,,,"SEARCH_OFFERS_BY_PRICE","single","SEARCH_OFFERS_BY_PRICE","1","merchant_search"
"Need offers under �50.","OFFER","SEARCH","SEARCH_BY_PRICE","merchant_search","hybrid","","","","","","50","","",,,,"SEARCH_OFFERS_BY_PRICE","single","SEARCH_OFFERS_BY_PRICE","1","merchant_search"
"Search for offers under �100.","OFFER","SEARCH","SEARCH_BY_PRICE","merchant_search","hybrid","","","","","","100","","",,,,"SEARCH_OFFERS_BY_PRICE","single","SEARCH_OFFERS_BY_PRICE","1","merchant_search"
"Search for offers under �50.","OFFER","SEARCH","SEARCH_BY_PRICE","merchant_search","hybrid","","","","","","50","","",,,,"SEARCH_OFFERS_BY_PRICE","single","SEARCH_OFFERS_BY_PRICE","1","merchant_search"
"Show offers under �30.","OFFER","SEARCH","SEARCH_BY_PRICE","merchant_search","hybrid","","","","","","30","","",,,,"SEARCH_OFFERS_BY_PRICE","single","SEARCH_OFFERS_BY_PRICE","1","merchant_search"
"Show offers under �5.","OFFER","SEARCH","SEARCH_BY_PRICE","merchant_search","hybrid","","","","","","5","","",,,,"SEARCH_OFFERS_BY_PRICE","single","SEARCH_OFFERS_BY_PRICE","1","merchant_search"
"What are offers under �20.","OFFER","SEARCH","SEARCH_BY_PRICE","merchant_search","hybrid","","","","","","20","","",,,,"SEARCH_OFFERS_BY_PRICE","single","SEARCH_OFFERS_BY_PRICE","1","merchant_search"
"What are offers under �30.","OFFER","SEARCH","SEARCH_BY_PRICE","merchant_search","hybrid","","","","","","30","","",,,,"SEARCH_OFFERS_BY_PRICE","single","SEARCH_OFFERS_BY_PRICE","1","merchant_search"
"Compare Dell and LG offers.","OFFER","COMPARE","COMPARE_OFFERS","merchant_search","hybrid","","","","","","","","",,,,"COMPARE_OFFERS","single","COMPARE_OFFERS","1","merchant_search"
"Compare Dell and Sony offers.","OFFER","COMPARE","COMPARE_OFFERS","merchant_search","hybrid","","","","","","","","",,,,"COMPARE_OFFERS","single","COMPARE_OFFERS","1","merchant_search"
"Compare Apple and Lenovo offers.","OFFER","COMPARE","COMPARE_OFFERS","merchant_search","hybrid","","","","","","","","",,,,"COMPARE_OFFERS","single","COMPARE_OFFERS","1","merchant_search"
"Compare Samsung and Dell offers.","OFFER","COMPARE","COMPARE_OFFERS","merchant_search","hybrid","","","","","","","","",,,,"COMPARE_OFFERS","single","COMPARE_OFFERS","1","merchant_search"
"Compare Oneplus and Apple offers.","OFFER","COMPARE","COMPARE_OFFERS","merchant_search","hybrid","","","","","","","","",,,,"COMPARE_OFFERS","single","COMPARE_OFFERS","1","merchant_search"
"Compare LG and HP offers.","OFFER","COMPARE","COMPARE_OFFERS","merchant_search","hybrid","","","","","","","","",,,,"COMPARE_OFFERS","single","COMPARE_OFFERS","1","merchant_search"
"Compare Cadbury and Milka offers.","OFFER","COMPARE","COMPARE_OFFERS","merchant_search","hybrid","","","","","","","","",,,,"COMPARE_OFFERS","single","COMPARE_OFFERS","1","merchant_search"
"Compare Lenovo and Realme offers.","OFFER","COMPARE","COMPARE_OFFERS","merchant_search","hybrid","","","","","","","","",,,,"COMPARE_OFFERS","single","COMPARE_OFFERS","1","merchant_search"
"Compare Lenovo and Sony offers.","OFFER","COMPARE","COMPARE_OFFERS","merchant_search","hybrid","","","","","","","","",,,,"COMPARE_OFFERS","single","COMPARE_OFFERS","1","merchant_search"
"Compare Nivea and Kaufmann offers.","OFFER","COMPARE","COMPARE_OFFERS","merchant_search","hybrid","","","","","","","","",,,,"COMPARE_OFFERS","single","COMPARE_OFFERS","1","merchant_search"
"Compare Adidas and Nike offers.","OFFER","COMPARE","COMPARE_OFFERS","merchant_search","hybrid","","","","","","","","",,,,"COMPARE_OFFERS","single","COMPARE_OFFERS","1","merchant_search"
"Compare Rolex and Titan offers.","OFFER","COMPARE","COMPARE_OFFERS","merchant_search","hybrid","","","","","","","","",,,,"COMPARE_OFFERS","single","COMPARE_OFFERS","1","merchant_search"
"Compare Asus and HP offers.","OFFER","COMPARE","COMPARE_OFFERS","merchant_search","hybrid","","","","","","","","",,,,"COMPARE_OFFERS","single","COMPARE_OFFERS","1","merchant_search"
"Compare Puma and adidas offers.","OFFER","COMPARE","COMPARE_OFFERS","merchant_search","hybrid","","","","","","","","",,,,"COMPARE_OFFERS","single","COMPARE_OFFERS","1","merchant_search"
"Compare Puma and Skechers offers.","OFFER","COMPARE","COMPARE_OFFERS","merchant_search","hybrid","","","","","","","","",,,,"COMPARE_OFFERS","single","COMPARE_OFFERS","1","merchant_search"
"Compare Samsung and Apple offers.","OFFER","COMPARE","COMPARE_OFFERS","merchant_search","hybrid","","","","","","","","",,,,"COMPARE_OFFERS","single","COMPARE_OFFERS","1","merchant_search"
"Compare Samsung and Google pixel offers.","OFFER","COMPARE","COMPARE_OFFERS","merchant_search","hybrid","","","","","","","","",,,,"COMPARE_OFFERS","single","COMPARE_OFFERS","1","merchant_search"
"Compare Chocos and Milka offers.","OFFER","COMPARE","COMPARE_OFFERS","merchant_search","hybrid","","","","","","","","",,,,"COMPARE_OFFERS","single","COMPARE_OFFERS","1","merchant_search"
"Compare Google pixels and Apple offers.","OFFER","COMPARE","COMPARE_OFFERS","merchant_search","hybrid","","","","","","","","",,,,"COMPARE_OFFERS","single","COMPARE_OFFERS","1","merchant_search"
"Compare H&M and Zara offers.","OFFER","COMPARE","COMPARE_OFFERS","merchant_search","hybrid","","","","","","","","",,,,"COMPARE_OFFERS","single","COMPARE_OFFERS","1","merchant_search"
"Compare H&M and CK offers.","OFFER","COMPARE","COMPARE_OFFERS","merchant_search","hybrid","","","","","","","","",,,,"COMPARE_OFFERS","single","COMPARE_OFFERS","1","merchant_search"
"Is the offer on Apple Watch still available?","OFFER","CHECK","CHECK_AVAILABILITY","merchant_search","hybrid","Apple Watch","","","","","","","",,,,"CHECK_OFFER_AVAILABILITY","single","CHECK_OFFER_AVAILABILITY","1","merchant_search"
"Is the offer on Cheese still available?","OFFER","CHECK","CHECK_AVAILABILITY","merchant_search","hybrid","Cheese","","","","","","","",,,,"CHECK_OFFER_AVAILABILITY","single","CHECK_OFFER_AVAILABILITY","1","merchant_search"
"Is the offer on Coffee Beans still available?","OFFER","CHECK","CHECK_AVAILABILITY","merchant_search","hybrid","Coffee Beans","","","","","","","",,,,"CHECK_OFFER_AVAILABILITY","single","CHECK_OFFER_AVAILABILITY","1","merchant_search"
"Is the offer on Coffee still available?","OFFER","CHECK","CHECK_AVAILABILITY","merchant_search","hybrid","Coffee","","","","","","","",,,,"CHECK_OFFER_AVAILABILITY","single","CHECK_OFFER_AVAILABILITY","1","merchant_search"
"Is the offer on MacBook Air still available?","OFFER","CHECK","CHECK_AVAILABILITY","merchant_search","hybrid","MacBook Air","","","","","","","",,,,"CHECK_OFFER_AVAILABILITY","single","CHECK_OFFER_AVAILABILITY","1","merchant_search"
"Is the offer on Milk still available?","OFFER","CHECK","CHECK_AVAILABILITY","merchant_search","hybrid","Milk","","","","","","","",,,,"CHECK_OFFER_AVAILABILITY","single","CHECK_OFFER_AVAILABILITY","1","merchant_search"
"Is the offer on Orange Juice still available?","OFFER","CHECK","CHECK_AVAILABILITY","merchant_search","hybrid","Orange Juice","","","","","","","",,,,"CHECK_OFFER_AVAILABILITY","single","CHECK_OFFER_AVAILABILITY","1","merchant_search"
"Is the offer on PlayStation 5 still available?","OFFER","CHECK","CHECK_AVAILABILITY","merchant_search","hybrid","PlayStation 5","","","","","","","",,,,"CHECK_OFFER_AVAILABILITY","single","CHECK_OFFER_AVAILABILITY","1","merchant_search"
"Is the offer on Rice still available?","OFFER","CHECK","CHECK_AVAILABILITY","merchant_search","hybrid","Rice","","","","","","","",,,,"CHECK_OFFER_AVAILABILITY","single","CHECK_OFFER_AVAILABILITY","1","merchant_search"
"Is the offer on Running Shoes still available?","OFFER","CHECK","CHECK_AVAILABILITY","merchant_search","hybrid","Running Shoes","","","","","","","",,,,"CHECK_OFFER_AVAILABILITY","single","CHECK_OFFER_AVAILABILITY","1","merchant_search"
"Is the offer on Sneakers still available?","OFFER","CHECK","CHECK_AVAILABILITY","merchant_search","hybrid","Sneakers","","","","","","","",,,,"CHECK_OFFER_AVAILABILITY","single","CHECK_OFFER_AVAILABILITY","1","merchant_search"
"Is the offer on iPhone 16 still available?","OFFER","CHECK","CHECK_AVAILABILITY","merchant_search","hybrid","iPhone 16","","","","","","","",,,,"CHECK_OFFER_AVAILABILITY","single","CHECK_OFFER_AVAILABILITY","1","merchant_search"
"Show today's Lidl offers and navigate me there.","OFFER","SEARCH","SEARCH_BY_MERCHANT","offer_engine","hybrid","","Lidl","","","","","","",,,,"SEARCH_OFFERS_BY_MERCHANT","sequential","SEARCH_OFFERS_BY_MERCHANT ��� NAVIGATE","2","offer_engine ��� google_maps"
"Find offers in Berlin then take me to the store.","OFFER","SEARCH","SEARCH","offer_engine","hybrid","","","","","","","Berlin","",,,,"SEARCH_OFFERS","sequential","SEARCH_OFFERS ��� NAVIGATE","2","offer_engine ��� google_maps"
"Any REWE offers today and guide me to the nearest one.","OFFER","SEARCH","SEARCH_BY_MERCHANT","offer_engine","hybrid","","REWE","","","","","","",,,,"SEARCH_OFFERS_BY_MERCHANT","sequential","SEARCH_OFFERS_BY_MERCHANT ��� NAVIGATE","2","offer_engine ��� google_maps"
"Search for milk offers and start navigation.","OFFER","SEARCH","SEARCH","offer_engine","hybrid","Milk","","","","","","","",,,,"SEARCH_OFFERS","sequential","SEARCH_OFFERS ��� NAVIGATE","2","offer_engine ��� google_maps"
"Find frozen pizza offers below �3 and navigate me there.","OFFER","SEARCH","SEARCH","offer_engine","hybrid","","","","Frozen Food","","3","","",,,,"SEARCH_OFFERS","sequential","SEARCH_OFFERS ��� FILTER_PRICE ��� NAVIGATE","3","offer_engine ��� offer_engine ��� google_maps"
"Show Aldi offers in Munich and take me there.","OFFER","SEARCH","SEARCH_BY_MERCHANT","offer_engine","hybrid","","Aldi","","","","","Munich","",,,,"SEARCH_OFFERS_BY_MERCHANT","sequential","SEARCH_OFFERS_BY_MERCHANT ��� NAVIGATE","2","offer_engine ��� google_maps"
"Find chocolate offers and only show ones under �2.","OFFER","SEARCH","SEARCH","offer_engine","hybrid","Chocolate","","","","","2","","",,,,"SEARCH_OFFERS","sequential","SEARCH_OFFERS ��� FILTER_PRICE","2","offer_engine ��� offer_engine"
"Show snack offers and filter below �5.","OFFER","SEARCH","SEARCH","offer_engine","hybrid","","","","Snacks","","5","","",,,,"SEARCH_OFFERS","sequential","SEARCH_OFFERS ��� FILTER_PRICE","2","offer_engine ��� offer_engine"
"Get today's offers and keep only the cheapest under �1.","OFFER","SEARCH","SEARCH","offer_engine","hybrid","","","","","","1","","",,,,"SEARCH_OFFERS","sequential","SEARCH_OFFERS ��� FILTER_PRICE","2","offer_engine ��� offer_engine"
"Find Nutella offers and filter under �4.","OFFER","SEARCH","SEARCH_BY_BRAND","offer_engine","hybrid","","","Nutella","","","4","","",,,,"SEARCH_OFFERS_BY_BRAND","sequential","SEARCH_OFFERS_BY_BRAND ��� FILTER_PRICE","2","offer_engine ��� offer_engine"
"Show coffee offers and compare the best two.","OFFER","SEARCH","SEARCH","offer_engine","hybrid","Coffee","","","","","","","",,,,"SEARCH_OFFERS","sequential","SEARCH_OFFERS ��� COMPARE_OFFERS","2","offer_engine ��� offer_engine"
"Find washing powder offers and compare prices.","OFFER","SEARCH","SEARCH","offer_engine","hybrid","Washing Powder","","","Household","","","","",,,,"SEARCH_OFFERS","sequential","SEARCH_OFFERS ��� COMPARE_OFFERS","2","offer_engine ��� offer_engine"
"Get Samsung offers and compare them.","OFFER","SEARCH","SEARCH_BY_BRAND","offer_engine","hybrid","","","Samsung","","","","","",,,,"SEARCH_OFFERS_BY_BRAND","sequential","SEARCH_OFFERS_BY_BRAND ��� COMPARE_OFFERS","2","offer_engine ��� offer_engine"
"Show offers in Hamburg and compare the cheapest.","OFFER","SEARCH","SEARCH","offer_engine","hybrid","","","","","","","Hamburg","",,,,"SEARCH_OFFERS","sequential","SEARCH_OFFERS ��� COMPARE_OFFERS","2","offer_engine ��� offer_engine"
"Find AirPods offers and check if they're available.","OFFER","SEARCH","SEARCH","offer_engine","hybrid","AirPods","","","","","","","",,,,"SEARCH_OFFERS","sequential","SEARCH_OFFERS ��� CHECK_OFFER_AVAILABILITY","2","offer_engine ��� offer_engine"
"Show Galaxy S25 offers and check availability in Leipzig.","OFFER","SEARCH","SEARCH","offer_engine","hybrid","Galaxy S25","","","","","","Leipzig","",,,,"SEARCH_OFFERS","sequential","SEARCH_OFFERS ��� CHECK_OFFER_AVAILABILITY","2","offer_engine ��� offer_engine"
"Show today's offers and then display my Payback card.","OFFER","SEARCH","SEARCH","offer_engine","hybrid","","","","","","","","",,,,"SEARCH_OFFERS","sequential","SEARCH_OFFERS ��� DISPLAY_CARD","2","offer_engine ��� wallet_api"
"Find Netto ice cream offers below �3 and open my Payback card.","OFFER","SEARCH","SEARCH","offer_engine","hybrid","Ice Cream","Netto","","Frozen Desserts","","3","","",,,,"SEARCH_OFFERS","sequential","SEARCH_OFFERS ��� FILTER_PRICE ��� DISPLAY_CARD","3","offer_engine ��� offer_engine ��� wallet_api"
"Show drink offers and display my Payback card.","OFFER","SEARCH","SEARCH","offer_engine","hybrid","","","","Beverages","","","","",,,,"SEARCH_OFFERS","sequential","SEARCH_OFFERS ��� DISPLAY_CARD","2","offer_engine ��� wallet_api"
"Find ice cream offers, keep ones under �3, then show my Payback card.","OFFER","SEARCH","SEARCH","offer_engine","hybrid","Ice Cream","","","","","3","","",,,,"SEARCH_OFFERS","sequential","SEARCH_OFFERS ��� FILTER_PRICE ��� DISPLAY_CARD","3","offer_engine ��� offer_engine ��� wallet_api"
"Show Lidl offers, filter below �10, and open my Payback card.","OFFER","SEARCH","SEARCH_BY_MERCHANT","offer_engine","hybrid","","Lidl","","","","10","","",,,,"SEARCH_OFFERS_BY_MERCHANT","sequential","SEARCH_OFFERS_BY_MERCHANT ��� FILTER_PRICE ��� DISPLAY_CARD","3","offer_engine ��� offer_engine ��� wallet_api"
"Show today's offers, then display my Payback card and my current points.","OFFER","SEARCH","SEARCH","offer_engine","hybrid","","","","","","","","",,,,"SEARCH_OFFERS","sequential","SEARCH_OFFERS ��� DISPLAY_CARD ��� FETCH_POINTS","3","offer_engine ��� wallet_api ��� loyalty_api"
"Show milk offers and add the cheapest to my shopping list.","OFFER","SEARCH","SEARCH","offer_engine","hybrid","Milk","","","","","","","",,,,"SEARCH_OFFERS","sequential","SEARCH_OFFERS ��� ADD_TO_LIST","2","offer_engine ��� shopping_list_api"
"Find bread offers and add them to my list.","OFFER","SEARCH","SEARCH","offer_engine","hybrid","Bread","","","","","","","",,,,"SEARCH_OFFERS","sequential","SEARCH_OFFERS ��� ADD_TO_LIST","2","offer_engine ��� shopping_list_api"
"Show Aldi offers under �2 and add the cheapest to my shopping list.","OFFER","SEARCH","SEARCH","offer_engine","hybrid","","Aldi","","","","2","","",,,,"SEARCH_OFFERS","sequential","SEARCH_OFFERS ��� FILTER_PRICE ��� ADD_TO_LIST","3","offer_engine ��� offer_engine ��� shopping_list_api"
"Get today's snack offers and add them to my list.","OFFER","SEARCH","SEARCH","offer_engine","hybrid","","","","Snacks","","","","",,,,"SEARCH_OFFERS","sequential","SEARCH_OFFERS ��� ADD_TO_LIST","2","offer_engine ��� shopping_list_api"
"Find the nearest Kaufland offers and navigate me there.","OFFER","SEARCH","SEARCH_BY_MERCHANT","offer_engine","hybrid","","Kaufland","","","","","","",,,,"SEARCH_OFFERS_BY_MERCHANT","sequential","SEARCH_OFFERS_BY_MERCHANT ��� NAVIGATE","2","offer_engine ��� google_maps"
"Show REWE offers and check availability.","OFFER","SEARCH","SEARCH_BY_MERCHANT","offer_engine","hybrid","","REWE","","","","","","",,,,"SEARCH_OFFERS_BY_MERCHANT","sequential","SEARCH_OFFERS_BY_MERCHANT ��� CHECK_OFFER_AVAILABILITY","2","offer_engine ��� offer_engine"
"Show dairy offers and compare the cheapest two.","OFFER","SEARCH","SEARCH_BY_CATEGORY","offer_engine","hybrid","","","","Dairy","","","","",,,,"SEARCH_OFFERS_BY_CATEGORY","sequential","SEARCH_OFFERS_BY_CATEGORY ��� COMPARE_OFFERS","2","offer_engine ��� offer_engine"
"Find electronics offers and check availability.","OFFER","SEARCH","SEARCH_BY_CATEGORY","offer_engine","hybrid","","","","Electronics","","","","",,,,"SEARCH_OFFERS_BY_CATEGORY","sequential","SEARCH_OFFERS_BY_CATEGORY ��� CHECK_OFFER_AVAILABILITY","2","offer_engine ��� offer_engine"
"Show beverage offers in Cologne and navigate me there.","OFFER","SEARCH","SEARCH_BY_CATEGORY","offer_engine","hybrid","","","","Beverages","","","Cologne","",,,,"SEARCH_OFFERS_BY_CATEGORY","sequential","SEARCH_OFFERS_BY_CATEGORY ��� NAVIGATE","2","offer_engine ��� google_maps"
"Find Coca-Cola offers and add the cheapest to my list.","OFFER","SEARCH","SEARCH_BY_BRAND","offer_engine","hybrid","","","Coca-Cola","","","","","",,,,"SEARCH_OFFERS_BY_BRAND","sequential","SEARCH_OFFERS_BY_BRAND ��� ADD_TO_LIST","2","offer_engine ��� shopping_list_api"
"Show Adidas offers and compare them.","OFFER","SEARCH","SEARCH_BY_BRAND","offer_engine","hybrid","","","Adidas","","","","","",,,,"SEARCH_OFFERS_BY_BRAND","sequential","SEARCH_OFFERS_BY_BRAND ��� COMPARE_OFFERS","2","offer_engine ��� offer_engine"
"Find Nike offers in Berlin and navigate there.","OFFER","SEARCH","SEARCH_BY_BRAND","offer_engine","hybrid","","","Nike","","","","Berlin","",,,,"SEARCH_OFFERS_BY_BRAND","sequential","SEARCH_OFFERS_BY_BRAND ��� NAVIGATE","2","offer_engine ��� google_maps"
"Show offers under �5 and compare the top two.","OFFER","SEARCH","SEARCH","offer_engine","hybrid","","","","","","5","","",,,,"SEARCH_OFFERS","sequential","SEARCH_OFFERS ��� FILTER_PRICE ��� COMPARE_OFFERS","3","offer_engine ��� offer_engine ��� offer_engine"
"Find offers below �10 and add the cheapest to my list.","OFFER","SEARCH","SEARCH","offer_engine","hybrid","","","","","","10","","",,,,"SEARCH_OFFERS","sequential","SEARCH_OFFERS ��� FILTER_PRICE ��� ADD_TO_LIST","3","offer_engine ��� offer_engine ��� shopping_list_api"
"Find pizza offers under �4, compare them, and navigate to the cheapest.","OFFER","SEARCH","SEARCH","offer_engine","hybrid","Pizza","","","","","4","","",,,,"SEARCH_OFFERS","sequential","SEARCH_OFFERS ��� FILTER_PRICE ��� COMPARE_OFFERS ��� NAVIGATE","4","offer_engine ��� offer_engine ��� offer_engine ��� google_maps"
"Show Lidl offers, filter under �3, and take me to the store.","OFFER","SEARCH","SEARCH_BY_MERCHANT","offer_engine","hybrid","","Lidl","","","","3","","",,,,"SEARCH_OFFERS_BY_MERCHANT","sequential","SEARCH_OFFERS_BY_MERCHANT ��� FILTER_PRICE ��� NAVIGATE","3","offer_engine ��� offer_engine ��� google_maps"
"Find milk offers, add the cheapest to my list, then navigate to the store.","OFFER","SEARCH","SEARCH","offer_engine","hybrid","Milk","","","","","","","",,,,"SEARCH_OFFERS","sequential","SEARCH_OFFERS ��� ADD_TO_LIST ��� NAVIGATE","3","offer_engine ��� shopping_list_api ��� google_maps"
"Show today's offers, compare them, and display my Payback card.","OFFER","SEARCH","SEARCH","offer_engine","hybrid","","","","","","","","",,,,"SEARCH_OFFERS","sequential","SEARCH_OFFERS ��� COMPARE_OFFERS ��� DISPLAY_CARD","3","offer_engine ��� offer_engine ��� wallet_api"
"Find ice cream offers at Netto below �3, compare them, add the cheapest to my list and show my Payback card.","OFFER","SEARCH","SEARCH","offer_engine","hybrid","Ice Cream","Netto","","Frozen Desserts","","3","","",,,,"SEARCH_OFFERS","sequential","SEARCH_OFFERS ��� FILTER_PRICE ��� ADD_TO_LIST ��� DISPLAY_CARD","4","offer_engine ��� offer_engine ��� shopping_list_api ��� wallet_api"
"Show Lidl offers, filter under �5, compare them and navigate me to the store.","OFFER","SEARCH","SEARCH_BY_MERCHANT","offer_engine","hybrid","","Lidl","","","","5","","",,,,"SEARCH_OFFERS_BY_MERCHANT","sequential","SEARCH_OFFERS_BY_MERCHANT ��� FILTER_PRICE ��� COMPARE_OFFERS ��� NAVIGATE","4","offer_engine ��� offer_engine ��� offer_engine ��� google_maps"
"Find milk offers, check availability, add to my list and take me there.","OFFER","SEARCH","SEARCH","offer_engine","hybrid","Milk","","","","","","","",,,,"SEARCH_OFFERS","sequential","SEARCH_OFFERS ��� CHECK_OFFER_AVAILABILITY ��� ADD_TO_LIST ��� NAVIGATE","4","offer_engine ��� offer_engine ��� shopping_list_api ��� google_maps"
"Show today's offers in Berlin, filter below �10, compare and display my Payback card.","OFFER","SEARCH","SEARCH","offer_engine","hybrid","","","","","","10","Berlin","",,,,"SEARCH_OFFERS","sequential","SEARCH_OFFERS ��� FILTER_PRICE ��� COMPARE_OFFERS ��� DISPLAY_CARD","4","offer_engine ��� offer_engine ��� offer_engine ��� wallet_api"
"Find Aldi snack offers under �2, compare them, navigate there and show my points.","OFFER","SEARCH","SEARCH_BY_MERCHANT","offer_engine","hybrid","","Aldi","","Snacks","","2","","",,,,"SEARCH_OFFERS_BY_MERCHANT","sequential","SEARCH_OFFERS_BY_MERCHANT ��� COMPARE_OFFERS ��� NAVIGATE ��� FETCH_POINTS","4","offer_engine ��� offer_engine ��� google_maps ��� loyalty_api"
"Show REWE dairy offers, filter under �4, add the cheapest to my list and navigate there.","OFFER","SEARCH","SEARCH_BY_MERCHANT","offer_engine","hybrid","","REWE","","Dairy","","4","","",,,,"SEARCH_OFFERS_BY_MERCHANT","sequential","SEARCH_OFFERS_BY_MERCHANT ��� FILTER_PRICE ��� ADD_TO_LIST ��� NAVIGATE","4","offer_engine ��� offer_engine ��� shopping_list_api ��� google_maps"
"Find coffee offers, compare them and add the cheapest to my shopping list.","OFFER","SEARCH","SEARCH","offer_engine","hybrid","Coffee","","","","","","","",,,,"SEARCH_OFFERS","sequential","SEARCH_OFFERS ��� COMPARE_OFFERS ��� ADD_TO_LIST","3","offer_engine ��� offer_engine ��� shopping_list_api"
"Show Kaufland offers, check availability and navigate me there.","OFFER","SEARCH","SEARCH_BY_MERCHANT","offer_engine","hybrid","","Kaufland","","","","","","",,,,"SEARCH_OFFERS_BY_MERCHANT","sequential","SEARCH_OFFERS_BY_MERCHANT ��� CHECK_OFFER_AVAILABILITY ��� NAVIGATE","3","offer_engine ��� offer_engine ��� google_maps"
"Find electronics offers under �200, compare and check availability.","OFFER","SEARCH","SEARCH_BY_CATEGORY","offer_engine","hybrid","","","","Electronics","","200","","",,,,"SEARCH_OFFERS_BY_CATEGORY","sequential","SEARCH_OFFERS_BY_CATEGORY ��� COMPARE_OFFERS ��� CHECK_OFFER_AVAILABILITY","3","offer_engine ��� offer_engine ��� offer_engine"
"Show Nutella offers, filter under �3 and add to my list.","OFFER","SEARCH","SEARCH_BY_BRAND","offer_engine","hybrid","","","Nutella","","","3","","",,,,"SEARCH_OFFERS_BY_BRAND","sequential","SEARCH_OFFERS_BY_BRAND ��� FILTER_PRICE ��� ADD_TO_LIST","3","offer_engine ��� offer_engine ��� shopping_list_api"
"Find offers in Munich, compare them and navigate to the cheapest.","OFFER","SEARCH","SEARCH","offer_engine","hybrid","","","","","","","Munich","",,,,"SEARCH_OFFERS","sequential","SEARCH_OFFERS ��� COMPARE_OFFERS ��� NAVIGATE","3","offer_engine ��� offer_engine ��� google_maps"
"Show beverage offers under �1, add cheapest to list and display my card.","OFFER","SEARCH","SEARCH_BY_CATEGORY","offer_engine","hybrid","","","","Beverages","","1","","",,,,"SEARCH_OFFERS_BY_CATEGORY","sequential","SEARCH_OFFERS_BY_CATEGORY ��� ADD_TO_LIST ��� DISPLAY_CARD","3","offer_engine ��� shopping_list_api ��� wallet_api"
"Find bananas.","PRODUCT","SEARCH","SEARCH","merchant_search","hybrid","Bananas","","","","","","","","false","false","false","SEARCH_PRODUCT","single","SEARCH_PRODUCT","1","merchant_search"
"Search for whole milk.","PRODUCT","SEARCH","SEARCH","merchant_search","hybrid","Whole Milk","","","","","","","","false","false","false","SEARCH_PRODUCT","single","SEARCH_PRODUCT","1","merchant_search"
"Show me eggs.","PRODUCT","SEARCH","SEARCH","merchant_search","hybrid","Eggs","","","","","","","","false","false","false","SEARCH_PRODUCT","single","SEARCH_PRODUCT","1","merchant_search"
"Look for basmati rice.","PRODUCT","SEARCH","SEARCH","merchant_search","hybrid","Basmati Rice","","","","","","","","false","false","false","SEARCH_PRODUCT","single","SEARCH_PRODUCT","1","merchant_search"
"Find a loaf of bread.","PRODUCT","SEARCH","SEARCH","merchant_search","hybrid","Bread","","","","","","","","false","false","false","SEARCH_PRODUCT","single","SEARCH_PRODUCT","1","merchant_search"
"Search for orange juice.","PRODUCT","SEARCH","SEARCH","merchant_search","hybrid","Orange Juice","","","","","","","","false","false","false","SEARCH_PRODUCT","single","SEARCH_PRODUCT","1","merchant_search"
"Show me butter.","PRODUCT","SEARCH","SEARCH","merchant_search","hybrid","Butter","","","","","","","","false","false","false","SEARCH_PRODUCT","single","SEARCH_PRODUCT","1","merchant_search"
"Look up ground coffee.","PRODUCT","SEARCH","SEARCH","merchant_search","hybrid","Ground Coffee","","","","","","","","false","false","false","SEARCH_PRODUCT","single","SEARCH_PRODUCT","1","merchant_search"
"Find spaghetti.","PRODUCT","SEARCH","SEARCH","merchant_search","hybrid","Spaghetti","","","","","","","","false","false","false","SEARCH_PRODUCT","single","SEARCH_PRODUCT","1","merchant_search"
"Search for tomato sauce.","PRODUCT","SEARCH","SEARCH","merchant_search","hybrid","Tomato Sauce","","","","","","","","false","false","false","SEARCH_PRODUCT","single","SEARCH_PRODUCT","1","merchant_search"
"Show me Greek yogurt.","PRODUCT","SEARCH","SEARCH","merchant_search","hybrid","Greek Yogurt","","","","","","","","false","false","false","SEARCH_PRODUCT","single","SEARCH_PRODUCT","1","merchant_search"
"Find chicken breast.","PRODUCT","SEARCH","SEARCH","merchant_search","hybrid","Chicken Breast","","","","","","","","false","false","false","SEARCH_PRODUCT","single","SEARCH_PRODUCT","1","merchant_search"
"Look for apples.","PRODUCT","SEARCH","SEARCH","merchant_search","hybrid","Apples","","","","","","","","false","false","false","SEARCH_PRODUCT","single","SEARCH_PRODUCT","1","merchant_search"
"Search for mineral water.","PRODUCT","SEARCH","SEARCH","merchant_search","hybrid","Mineral Water","","","","","","","","false","false","false","SEARCH_PRODUCT","single","SEARCH_PRODUCT","1","merchant_search"
"Show me cornflakes.","PRODUCT","SEARCH","SEARCH","merchant_search","hybrid","Cornflakes","","","","","","","","false","false","false","SEARCH_PRODUCT","single","SEARCH_PRODUCT","1","merchant_search"
"Find frozen peas.","PRODUCT","SEARCH","SEARCH","merchant_search","hybrid","Frozen Peas","","","","","","","","false","false","false","SEARCH_PRODUCT","single","SEARCH_PRODUCT","1","merchant_search"
"Search for cheddar cheese.","PRODUCT","SEARCH","SEARCH","merchant_search","hybrid","Cheddar Cheese","","","","","","","","false","false","false","SEARCH_PRODUCT","single","SEARCH_PRODUCT","1","merchant_search"
"Look up olive oil.","PRODUCT","SEARCH","SEARCH","merchant_search","hybrid","Olive Oil","","","","","","","","false","false","false","SEARCH_PRODUCT","single","SEARCH_PRODUCT","1","merchant_search"
"Show me black tea.","PRODUCT","SEARCH","SEARCH","merchant_search","hybrid","Black Tea","","","","","","","","false","false","false","SEARCH_PRODUCT","single","SEARCH_PRODUCT","1","merchant_search"
"Find potato chips.","PRODUCT","SEARCH","SEARCH","merchant_search","hybrid","Potato Chips","","","","","","","","false","false","false","SEARCH_PRODUCT","single","SEARCH_PRODUCT","1","merchant_search"
"Find milk under €2.","PRODUCT","SEARCH","SEARCH_BY_PRICE","merchant_search","hybrid","Milk","","","","","2.0","","","false","false","true","SEARCH_PRODUCT_BY_PRICE","single","SEARCH_PRODUCT_BY_PRICE","1","merchant_search"
"Show me coffee below €6.","PRODUCT","SEARCH","SEARCH_BY_PRICE","merchant_search","hybrid","Coffee","","","","","6.0","","","false","false","true","SEARCH_PRODUCT_BY_PRICE","single","SEARCH_PRODUCT_BY_PRICE","1","merchant_search"
"Search for bread for no more than €3.","PRODUCT","SEARCH","SEARCH_BY_PRICE","merchant_search","hybrid","Bread","","","","","3.0","","","false","false","true","SEARCH_PRODUCT_BY_PRICE","single","SEARCH_PRODUCT_BY_PRICE","1","merchant_search"
"Find olive oil under €8.","PRODUCT","SEARCH","SEARCH_BY_PRICE","merchant_search","hybrid","Olive Oil","","","","","8.0","","","false","false","true","SEARCH_PRODUCT_BY_PRICE","single","SEARCH_PRODUCT_BY_PRICE","1","merchant_search"
"Show eggs costing less than €4.","PRODUCT","SEARCH","SEARCH_BY_PRICE","merchant_search","hybrid","Eggs","","","","","4.0","","","false","false","true","SEARCH_PRODUCT_BY_PRICE","single","SEARCH_PRODUCT_BY_PRICE","1","merchant_search"
"Search for pasta below €2.50.","PRODUCT","SEARCH","SEARCH_BY_PRICE","merchant_search","hybrid","Pasta","","","","","2.5","","","false","false","true","SEARCH_PRODUCT_BY_PRICE","single","SEARCH_PRODUCT_BY_PRICE","1","merchant_search"
"Find yogurt between €1 and €3.","PRODUCT","SEARCH","SEARCH_BY_PRICE","merchant_search","hybrid","Yogurt","","","","1.0","3.0","","","false","false","true","SEARCH_PRODUCT_BY_PRICE","single","SEARCH_PRODUCT_BY_PRICE","1","merchant_search"
"Show rice from €2 to €5.","PRODUCT","SEARCH","SEARCH_BY_PRICE","merchant_search","hybrid","Rice","","","","2.0","5.0","","","false","false","true","SEARCH_PRODUCT_BY_PRICE","single","SEARCH_PRODUCT_BY_PRICE","1","merchant_search"
"Search for cheese under €5.","PRODUCT","SEARCH","SEARCH_BY_PRICE","merchant_search","hybrid","Cheese","","","","","5.0","","","false","false","true","SEARCH_PRODUCT_BY_PRICE","single","SEARCH_PRODUCT_BY_PRICE","1","merchant_search"
"Find orange juice below €3.","PRODUCT","SEARCH","SEARCH_BY_PRICE","merchant_search","hybrid","Orange Juice","","","","","3.0","","","false","false","true","SEARCH_PRODUCT_BY_PRICE","single","SEARCH_PRODUCT_BY_PRICE","1","merchant_search"
"Show butter for at most €4.","PRODUCT","SEARCH","SEARCH_BY_PRICE","merchant_search","hybrid","Butter","","","","","4.0","","","false","false","true","SEARCH_PRODUCT_BY_PRICE","single","SEARCH_PRODUCT_BY_PRICE","1","merchant_search"
"Search for apples under €2 per kilo.","PRODUCT","SEARCH","SEARCH_BY_PRICE","merchant_search","hybrid","Apples","","","","","2.0","","","false","false","true","SEARCH_PRODUCT_BY_PRICE","single","SEARCH_PRODUCT_BY_PRICE","1","merchant_search"
"Find frozen pizza below €4.","PRODUCT","SEARCH","SEARCH_BY_PRICE","merchant_search","hybrid","Frozen Pizza","","","","","4.0","","","false","false","true","SEARCH_PRODUCT_BY_PRICE","single","SEARCH_PRODUCT_BY_PRICE","1","merchant_search"
"Show cereal between €2 and €4.","PRODUCT","SEARCH","SEARCH_BY_PRICE","merchant_search","hybrid","Cereal","","","","2.0","4.0","","","false","false","true","SEARCH_PRODUCT_BY_PRICE","single","SEARCH_PRODUCT_BY_PRICE","1","merchant_search"
"Search for chocolate under €3.","PRODUCT","SEARCH","SEARCH_BY_PRICE","merchant_search","hybrid","Chocolate","","","","","3.0","","","false","false","true","SEARCH_PRODUCT_BY_PRICE","single","SEARCH_PRODUCT_BY_PRICE","1","merchant_search"
"Find chicken breast for less than €10.","PRODUCT","SEARCH","SEARCH_BY_PRICE","merchant_search","hybrid","Chicken Breast","","","","","10.0","","","false","false","true","SEARCH_PRODUCT_BY_PRICE","single","SEARCH_PRODUCT_BY_PRICE","1","merchant_search"
"Show mineral water below €1.50.","PRODUCT","SEARCH","SEARCH_BY_PRICE","merchant_search","hybrid","Mineral Water","","","","","1.5","","","false","false","true","SEARCH_PRODUCT_BY_PRICE","single","SEARCH_PRODUCT_BY_PRICE","1","merchant_search"
"Search for tomato sauce from €1 to €2.50.","PRODUCT","SEARCH","SEARCH_BY_PRICE","merchant_search","hybrid","Tomato Sauce","","","","1.0","2.5","","","false","false","true","SEARCH_PRODUCT_BY_PRICE","single","SEARCH_PRODUCT_BY_PRICE","1","merchant_search"
"Find ice cream under €5.","PRODUCT","SEARCH","SEARCH_BY_PRICE","merchant_search","hybrid","Ice Cream","","","","","5.0","","","false","false","true","SEARCH_PRODUCT_BY_PRICE","single","SEARCH_PRODUCT_BY_PRICE","1","merchant_search"
"Show tea for no more than €4.","PRODUCT","SEARCH","SEARCH_BY_PRICE","merchant_search","hybrid","Tea","","","","","4.0","","","false","false","true","SEARCH_PRODUCT_BY_PRICE","single","SEARCH_PRODUCT_BY_PRICE","1","merchant_search"
"Show me Alpro products.","PRODUCT","SEARCH","SEARCH_BY_BRAND","merchant_search","hybrid","Food and Drinks","","Alpro","","","","","","false","false","false","SEARCH_PRODUCT_BY_BRAND","single","SEARCH_PRODUCT_BY_BRAND","1","merchant_search"
"Find Coca-Cola drinks.","PRODUCT","SEARCH","SEARCH_BY_BRAND","merchant_search","hybrid","Soft Drinks","","Coca-Cola","","","","","","false","false","false","SEARCH_PRODUCT_BY_BRAND","single","SEARCH_PRODUCT_BY_BRAND","1","merchant_search"
"Search for Barilla pasta.","PRODUCT","SEARCH","SEARCH_BY_BRAND","merchant_search","hybrid","Pasta","","Barilla","","","","","","false","false","false","SEARCH_PRODUCT_BY_BRAND","single","SEARCH_PRODUCT_BY_BRAND","1","merchant_search"
"Show me Kellogg's cereal.","PRODUCT","SEARCH","SEARCH_BY_BRAND","merchant_search","hybrid","Cereal","","Kellogg's","","","","","","false","false","false","SEARCH_PRODUCT_BY_BRAND","single","SEARCH_PRODUCT_BY_BRAND","1","merchant_search"
"Find Nutella spread.","PRODUCT","SEARCH","SEARCH_BY_BRAND","merchant_search","hybrid","Hazelnut Spread","","Nutella","","","","","","false","false","false","SEARCH_PRODUCT_BY_BRAND","single","SEARCH_PRODUCT_BY_BRAND","1","merchant_search"
"Search for Nivea products.","PRODUCT","SEARCH","SEARCH_BY_BRAND","merchant_search","hybrid","Personal Care","","Nivea","","","","","","false","false","false","SEARCH_PRODUCT_BY_BRAND","single","SEARCH_PRODUCT_BY_BRAND","1","merchant_search"
"Show me Milka chocolate.","PRODUCT","SEARCH","SEARCH_BY_BRAND","merchant_search","hybrid","Chocolate","","Milka","","","","","","false","false","false","SEARCH_PRODUCT_BY_BRAND","single","SEARCH_PRODUCT_BY_BRAND","1","merchant_search"
"Find Oatly drinks.","PRODUCT","SEARCH","SEARCH_BY_BRAND","merchant_search","hybrid","Plant-Based Drinks","","Oatly","","","","","","false","false","false","SEARCH_PRODUCT_BY_BRAND","single","SEARCH_PRODUCT_BY_BRAND","1","merchant_search"
"Search for Heinz ketchup.","PRODUCT","SEARCH","SEARCH_BY_BRAND","merchant_search","hybrid","Ketchup","","Heinz","","","","","","false","false","false","SEARCH_PRODUCT_BY_BRAND","single","SEARCH_PRODUCT_BY_BRAND","1","merchant_search"
"Show me Dr. Oetker pizza.","PRODUCT","SEARCH","SEARCH_BY_BRAND","merchant_search","hybrid","Pizza","","Dr. Oetker","","","","","","false","false","false","SEARCH_PRODUCT_BY_BRAND","single","SEARCH_PRODUCT_BY_BRAND","1","merchant_search"
"Find Lavazza coffee.","PRODUCT","SEARCH","SEARCH_BY_BRAND","merchant_search","hybrid","Coffee","","Lavazza","","","","","","false","false","false","SEARCH_PRODUCT_BY_BRAND","single","SEARCH_PRODUCT_BY_BRAND","1","merchant_search"
"Search for Ben & Jerry's ice cream.","PRODUCT","SEARCH","SEARCH_BY_BRAND","merchant_search","hybrid","Ice Cream","","Ben & Jerry's","","","","","","false","false","false","SEARCH_PRODUCT_BY_BRAND","single","SEARCH_PRODUCT_BY_BRAND","1","merchant_search"
"Show me Ritter Sport chocolate.","PRODUCT","SEARCH","SEARCH_BY_BRAND","merchant_search","hybrid","Chocolate","","Ritter Sport","","","","","","false","false","false","SEARCH_PRODUCT_BY_BRAND","single","SEARCH_PRODUCT_BY_BRAND","1","merchant_search"
"Find Maggi products.","PRODUCT","SEARCH","SEARCH_BY_BRAND","merchant_search","hybrid","Food Products","","Maggi","","","","","","false","false","false","SEARCH_PRODUCT_BY_BRAND","single","SEARCH_PRODUCT_BY_BRAND","1","merchant_search"
"Search for Philadelphia cream cheese.","PRODUCT","SEARCH","SEARCH_BY_BRAND","merchant_search","hybrid","Cream Cheese","","Philadelphia","","","","","","false","false","false","SEARCH_PRODUCT_BY_BRAND","single","SEARCH_PRODUCT_BY_BRAND","1","merchant_search"
"Show me Ferrero products.","PRODUCT","SEARCH","SEARCH_BY_BRAND","merchant_search","hybrid","Confectionery","","Ferrero","","","","","","false","false","false","SEARCH_PRODUCT_BY_BRAND","single","SEARCH_PRODUCT_BY_BRAND","1","merchant_search"
"Find Ariel detergent.","PRODUCT","SEARCH","SEARCH_BY_BRAND","merchant_search","hybrid","Laundry Detergent","","Ariel","","","","","","false","false","false","SEARCH_PRODUCT_BY_BRAND","single","SEARCH_PRODUCT_BY_BRAND","1","merchant_search"
"Search for Persil laundry products.","PRODUCT","SEARCH","SEARCH_BY_BRAND","merchant_search","hybrid","Laundry Products","","Persil","","","","","","false","false","false","SEARCH_PRODUCT_BY_BRAND","single","SEARCH_PRODUCT_BY_BRAND","1","merchant_search"
"Show me Red Bull drinks.","PRODUCT","SEARCH","SEARCH_BY_BRAND","merchant_search","hybrid","Energy Drinks","","Red Bull","","","","","","false","false","false","SEARCH_PRODUCT_BY_BRAND","single","SEARCH_PRODUCT_BY_BRAND","1","merchant_search"
"Find Müller yogurt.","PRODUCT","SEARCH","SEARCH_BY_BRAND","merchant_search","hybrid","Yogurt","","Müller","","","","","","false","false","false","SEARCH_PRODUCT_BY_BRAND","single","SEARCH_PRODUCT_BY_BRAND","1","merchant_search"
"Show me dairy products.","PRODUCT","SEARCH","SEARCH_BY_CATEGORY","merchant_search","hybrid","","","","Dairy","","","","","false","false","false","SEARCH_PRODUCT_BY_CATEGORY","single","SEARCH_PRODUCT_BY_CATEGORY","1","merchant_search"
"Find frozen foods.","PRODUCT","SEARCH","SEARCH_BY_CATEGORY","merchant_search","hybrid","","","","Frozen Food","","","","","false","false","false","SEARCH_PRODUCT_BY_CATEGORY","single","SEARCH_PRODUCT_BY_CATEGORY","1","merchant_search"
"Search for breakfast cereals.","PRODUCT","SEARCH","SEARCH_BY_CATEGORY","merchant_search","hybrid","","","","Breakfast Cereal","","","","","false","false","false","SEARCH_PRODUCT_BY_CATEGORY","single","SEARCH_PRODUCT_BY_CATEGORY","1","merchant_search"
"Show me soft drinks.","PRODUCT","SEARCH","SEARCH_BY_CATEGORY","merchant_search","hybrid","","","","Soft Drinks","","","","","false","false","false","SEARCH_PRODUCT_BY_CATEGORY","single","SEARCH_PRODUCT_BY_CATEGORY","1","merchant_search"
"Find fresh fruit.","PRODUCT","SEARCH","SEARCH_BY_CATEGORY","merchant_search","hybrid","","","","Fresh Fruit","","","","","false","false","false","SEARCH_PRODUCT_BY_CATEGORY","single","SEARCH_PRODUCT_BY_CATEGORY","1","merchant_search"
"Search for vegetables.","PRODUCT","SEARCH","SEARCH_BY_CATEGORY","merchant_search","hybrid","","","","Vegetables","","","","","false","false","false","SEARCH_PRODUCT_BY_CATEGORY","single","SEARCH_PRODUCT_BY_CATEGORY","1","merchant_search"
"Show me bakery products.","PRODUCT","SEARCH","SEARCH_BY_CATEGORY","merchant_search","hybrid","","","","Bakery","","","","","false","false","false","SEARCH_PRODUCT_BY_CATEGORY","single","SEARCH_PRODUCT_BY_CATEGORY","1","merchant_search"
"Find snacks.","PRODUCT","SEARCH","SEARCH_BY_CATEGORY","merchant_search","hybrid","","","","Snacks","","","","","false","false","false","SEARCH_PRODUCT_BY_CATEGORY","single","SEARCH_PRODUCT_BY_CATEGORY","1","merchant_search"
"Search for coffee and tea.","PRODUCT","SEARCH","SEARCH_BY_CATEGORY","merchant_search","hybrid","","","","Coffee and Tea","","","","","false","false","false","SEARCH_PRODUCT_BY_CATEGORY","single","SEARCH_PRODUCT_BY_CATEGORY","1","merchant_search"
"Show me pasta and rice.","PRODUCT","SEARCH","SEARCH_BY_CATEGORY","merchant_search","hybrid","","","","Pasta and Rice","","","","","false","false","false","SEARCH_PRODUCT_BY_CATEGORY","single","SEARCH_PRODUCT_BY_CATEGORY","1","merchant_search"
"Find cleaning products.","PRODUCT","SEARCH","SEARCH_BY_CATEGORY","merchant_search","hybrid","","","","Cleaning Products","","","","","false","false","false","SEARCH_PRODUCT_BY_CATEGORY","single","SEARCH_PRODUCT_BY_CATEGORY","1","merchant_search"
"Search for baby food.","PRODUCT","SEARCH","SEARCH_BY_CATEGORY","merchant_search","hybrid","","","","Baby Food","","","","","false","false","false","SEARCH_PRODUCT_BY_CATEGORY","single","SEARCH_PRODUCT_BY_CATEGORY","1","merchant_search"
"Show me pet food.","PRODUCT","SEARCH","SEARCH_BY_CATEGORY","merchant_search","hybrid","","","","Pet Food","","","","","false","false","false","SEARCH_PRODUCT_BY_CATEGORY","single","SEARCH_PRODUCT_BY_CATEGORY","1","merchant_search"
"Find personal care products.","PRODUCT","SEARCH","SEARCH_BY_CATEGORY","merchant_search","hybrid","","","","Personal Care","","","","","false","false","false","SEARCH_PRODUCT_BY_CATEGORY","single","SEARCH_PRODUCT_BY_CATEGORY","1","merchant_search"
"Search for meat and poultry.","PRODUCT","SEARCH","SEARCH_BY_CATEGORY","merchant_search","hybrid","","","","Meat and Poultry","","","","","false","false","false","SEARCH_PRODUCT_BY_CATEGORY","single","SEARCH_PRODUCT_BY_CATEGORY","1","merchant_search"
"Show me vegetarian products.","PRODUCT","SEARCH","SEARCH_BY_CATEGORY","merchant_search","hybrid","","","","Vegetarian","","","","","false","false","false","SEARCH_PRODUCT_BY_CATEGORY","single","SEARCH_PRODUCT_BY_CATEGORY","1","merchant_search"
"Find canned foods.","PRODUCT","SEARCH","SEARCH_BY_CATEGORY","merchant_search","hybrid","","","","Canned Food","","","","","false","false","false","SEARCH_PRODUCT_BY_CATEGORY","single","SEARCH_PRODUCT_BY_CATEGORY","1","merchant_search"
"Search for sauces and condiments.","PRODUCT","SEARCH","SEARCH_BY_CATEGORY","merchant_search","hybrid","","","","Sauces and Condiments","","","","","false","false","false","SEARCH_PRODUCT_BY_CATEGORY","single","SEARCH_PRODUCT_BY_CATEGORY","1","merchant_search"
"Show me desserts.","PRODUCT","SEARCH","SEARCH_BY_CATEGORY","merchant_search","hybrid","","","","Desserts","","","","","false","false","false","SEARCH_PRODUCT_BY_CATEGORY","single","SEARCH_PRODUCT_BY_CATEGORY","1","merchant_search"
"Find household supplies.","PRODUCT","SEARCH","SEARCH_BY_CATEGORY","merchant_search","hybrid","","","","Household Supplies","","","","","false","false","false","SEARCH_PRODUCT_BY_CATEGORY","single","SEARCH_PRODUCT_BY_CATEGORY","1","merchant_search"
"Where can I get Kartoffel Püree for the cheapest?","PRODUCT","COMPARE","COMPARE_PRODUCTS","merchant_search","hybrid","Kartoffel Püree","","","","","","","","false","false","true","COMPARE_PRODUCTS","single","COMPARE_PRODUCTS","1","merchant_search"
"Which place has the lowest price for whole milk?","PRODUCT","COMPARE","COMPARE_PRODUCTS","merchant_search","hybrid","Whole Milk","","","","","","","","false","false","true","COMPARE_PRODUCTS","single","COMPARE_PRODUCTS","1","merchant_search"
"Find the cheapest frozen pizza.","PRODUCT","COMPARE","COMPARE_PRODUCTS","merchant_search","hybrid","Frozen Pizza","","","","","","","","false","false","true","COMPARE_PRODUCTS","single","COMPARE_PRODUCTS","1","merchant_search"
"Compare prices for olive oil.","PRODUCT","COMPARE","COMPARE_PRODUCTS","merchant_search","hybrid","Olive Oil","","","","","","","","false","false","true","COMPARE_PRODUCTS","single","COMPARE_PRODUCTS","1","merchant_search"
"Where is basmati rice cheapest?","PRODUCT","COMPARE","COMPARE_PRODUCTS","merchant_search","hybrid","Basmati Rice","","","","","","","","false","false","true","COMPARE_PRODUCTS","single","COMPARE_PRODUCTS","1","merchant_search"
"Show me the best price for eggs.","PRODUCT","COMPARE","COMPARE_PRODUCTS","merchant_search","hybrid","Eggs","","","","","","","","false","false","true","COMPARE_PRODUCTS","single","COMPARE_PRODUCTS","1","merchant_search"
"Find a cheaper alternative to Nutella.","PRODUCT","COMPARE","COMPARE_PRODUCTS","merchant_search","hybrid","Nutella","","","","","","","","false","false","true","COMPARE_PRODUCTS","single","COMPARE_PRODUCTS","1","merchant_search"
"What is the cheapest alternative to Coca-Cola?","PRODUCT","COMPARE","COMPARE_PRODUCTS","merchant_search","hybrid","Coca-Cola","","","","","","","","false","false","true","COMPARE_PRODUCTS","single","COMPARE_PRODUCTS","1","merchant_search"
"Compare prices for oat milk.","PRODUCT","COMPARE","COMPARE_PRODUCTS","merchant_search","hybrid","Oat Milk","","","","","","","","false","false","true","COMPARE_PRODUCTS","single","COMPARE_PRODUCTS","1","merchant_search"
"Where can I buy ground coffee at the lowest price?","PRODUCT","COMPARE","COMPARE_PRODUCTS","merchant_search","hybrid","Ground Coffee","","","","","","","","false","false","true","COMPARE_PRODUCTS","single","COMPARE_PRODUCTS","1","merchant_search"
"Find the best deal on butter.","PRODUCT","COMPARE","COMPARE_PRODUCTS","merchant_search","hybrid","Butter","","","","","","","","false","false","true","COMPARE_PRODUCTS","single","COMPARE_PRODUCTS","1","merchant_search"
"Show me cheaper alternatives to Greek yogurt.","PRODUCT","COMPARE","COMPARE_PRODUCTS","merchant_search","hybrid","Greek Yogurt","","","","","","","","false","false","true","COMPARE_PRODUCTS","single","COMPARE_PRODUCTS","1","merchant_search"
"Which option is cheapest for mineral water?","PRODUCT","COMPARE","COMPARE_PRODUCTS","merchant_search","hybrid","Mineral Water","","","","","","","","false","false","true","COMPARE_PRODUCTS","single","COMPARE_PRODUCTS","1","merchant_search"
"Find a lower-priced alternative to cheddar cheese.","PRODUCT","COMPARE","COMPARE_PRODUCTS","merchant_search","hybrid","Cheddar Cheese","","","","","","","","false","false","true","COMPARE_PRODUCTS","single","COMPARE_PRODUCTS","1","merchant_search"
"Compare prices for spaghetti.","PRODUCT","COMPARE","COMPARE_PRODUCTS","merchant_search","hybrid","Spaghetti","","","","","","","","false","false","true","COMPARE_PRODUCTS","single","COMPARE_PRODUCTS","1","merchant_search"
"Where can I get bananas for the lowest price?","PRODUCT","COMPARE","COMPARE_PRODUCTS","merchant_search","hybrid","Bananas","","","","","","","","false","false","true","COMPARE_PRODUCTS","single","COMPARE_PRODUCTS","1","merchant_search"
"Show me the cheapest tomato sauce.","PRODUCT","COMPARE","COMPARE_PRODUCTS","merchant_search","hybrid","Tomato Sauce","","","","","","","","false","false","true","COMPARE_PRODUCTS","single","COMPARE_PRODUCTS","1","merchant_search"
"Find a budget alternative to Heinz ketchup.","PRODUCT","COMPARE","COMPARE_PRODUCTS","merchant_search","hybrid","Heinz Ketchup","","","","","","","","false","false","true","COMPARE_PRODUCTS","single","COMPARE_PRODUCTS","1","merchant_search"
"What is the lowest price for chicken breast?","PRODUCT","COMPARE","COMPARE_PRODUCTS","merchant_search","hybrid","Chicken Breast","","","","","","","","false","false","true","COMPARE_PRODUCTS","single","COMPARE_PRODUCTS","1","merchant_search"
"Compare prices and find the cheapest ice cream.","PRODUCT","COMPARE","COMPARE_PRODUCTS","merchant_search","hybrid","Ice Cream","","","","","","","","false","false","true","COMPARE_PRODUCTS","single","COMPARE_PRODUCTS","1","merchant_search"
"Is oat milk available?","PRODUCT","CHECK","CHECK_AVAILABILITY","merchant_search","hybrid","Oat Milk","","","","","","","","false","false","false","CHECK_PRODUCT_AVAILABILITY","single","CHECK_PRODUCT_AVAILABILITY","1","merchant_search"
"Check whether bananas are in stock.","PRODUCT","CHECK","CHECK_AVAILABILITY","merchant_search","hybrid","Bananas","","","","","","","","false","false","false","CHECK_PRODUCT_AVAILABILITY","single","CHECK_PRODUCT_AVAILABILITY","1","merchant_search"
"Do you have frozen pizza available?","PRODUCT","CHECK","CHECK_AVAILABILITY","merchant_search","hybrid","Frozen Pizza","","","","","","","","false","false","false","CHECK_PRODUCT_AVAILABILITY","single","CHECK_PRODUCT_AVAILABILITY","1","merchant_search"
"Is whole milk currently available?","PRODUCT","CHECK","CHECK_AVAILABILITY","merchant_search","hybrid","Whole Milk","","","","","","","","false","false","false","CHECK_PRODUCT_AVAILABILITY","single","CHECK_PRODUCT_AVAILABILITY","1","merchant_search"
"Check if eggs are in stock.","PRODUCT","CHECK","CHECK_AVAILABILITY","merchant_search","hybrid","Eggs","","","","","","","","false","false","false","CHECK_PRODUCT_AVAILABILITY","single","CHECK_PRODUCT_AVAILABILITY","1","merchant_search"
"Can I get basmati rice right now?","PRODUCT","CHECK","CHECK_AVAILABILITY","merchant_search","hybrid","Basmati Rice","","","","","","","","false","false","false","CHECK_PRODUCT_AVAILABILITY","single","CHECK_PRODUCT_AVAILABILITY","1","merchant_search"
"Is olive oil available?","PRODUCT","CHECK","CHECK_AVAILABILITY","merchant_search","hybrid","Olive Oil","","","","","","","","false","false","false","CHECK_PRODUCT_AVAILABILITY","single","CHECK_PRODUCT_AVAILABILITY","1","merchant_search"
"Check whether Greek yogurt is in stock.","PRODUCT","CHECK","CHECK_AVAILABILITY","merchant_search","hybrid","Greek Yogurt","","","","","","","","false","false","false","CHECK_PRODUCT_AVAILABILITY","single","CHECK_PRODUCT_AVAILABILITY","1","merchant_search"
"Do you have cheddar cheese?","PRODUCT","CHECK","CHECK_AVAILABILITY","merchant_search","hybrid","Cheddar Cheese","","","","","","","","false","false","false","CHECK_PRODUCT_AVAILABILITY","single","CHECK_PRODUCT_AVAILABILITY","1","merchant_search"
"Is orange juice available today?","PRODUCT","CHECK","CHECK_AVAILABILITY","merchant_search","hybrid","Orange Juice","","","","","","","","false","false","false","CHECK_PRODUCT_AVAILABILITY","single","CHECK_PRODUCT_AVAILABILITY","1","merchant_search"
"Check if chicken breast is in stock.","PRODUCT","CHECK","CHECK_AVAILABILITY","merchant_search","hybrid","Chicken Breast","","","","","","","","false","false","false","CHECK_PRODUCT_AVAILABILITY","single","CHECK_PRODUCT_AVAILABILITY","1","merchant_search"
"Can I buy mineral water right now?","PRODUCT","CHECK","CHECK_AVAILABILITY","merchant_search","hybrid","Mineral Water","","","","","","","","false","false","false","CHECK_PRODUCT_AVAILABILITY","single","CHECK_PRODUCT_AVAILABILITY","1","merchant_search"
"Is ground coffee available?","PRODUCT","CHECK","CHECK_AVAILABILITY","merchant_search","hybrid","Ground Coffee","","","","","","","","false","false","false","CHECK_PRODUCT_AVAILABILITY","single","CHECK_PRODUCT_AVAILABILITY","1","merchant_search"
"Check whether frozen peas are in stock.","PRODUCT","CHECK","CHECK_AVAILABILITY","merchant_search","hybrid","Frozen Peas","","","","","","","","false","false","false","CHECK_PRODUCT_AVAILABILITY","single","CHECK_PRODUCT_AVAILABILITY","1","merchant_search"
"Do you have tomato sauce available?","PRODUCT","CHECK","CHECK_AVAILABILITY","merchant_search","hybrid","Tomato Sauce","","","","","","","","false","false","false","CHECK_PRODUCT_AVAILABILITY","single","CHECK_PRODUCT_AVAILABILITY","1","merchant_search"
"Is butter currently in stock?","PRODUCT","CHECK","CHECK_AVAILABILITY","merchant_search","hybrid","Butter","","","","","","","","false","false","false","CHECK_PRODUCT_AVAILABILITY","single","CHECK_PRODUCT_AVAILABILITY","1","merchant_search"
"Check if spaghetti is available.","PRODUCT","CHECK","CHECK_AVAILABILITY","merchant_search","hybrid","Spaghetti","","","","","","","","false","false","false","CHECK_PRODUCT_AVAILABILITY","single","CHECK_PRODUCT_AVAILABILITY","1","merchant_search"
"Can I get black tea?","PRODUCT","CHECK","CHECK_AVAILABILITY","merchant_search","hybrid","Black Tea","","","","","","","","false","false","false","CHECK_PRODUCT_AVAILABILITY","single","CHECK_PRODUCT_AVAILABILITY","1","merchant_search"
"Is ice cream in stock?","PRODUCT","CHECK","CHECK_AVAILABILITY","merchant_search","hybrid","Ice Cream","","","","","","","","false","false","false","CHECK_PRODUCT_AVAILABILITY","single","CHECK_PRODUCT_AVAILABILITY","1","merchant_search"
"Check whether apples are available.","PRODUCT","CHECK","CHECK_AVAILABILITY","merchant_search","hybrid","Apples","","","","","","","","false","false","false","CHECK_PRODUCT_AVAILABILITY","single","CHECK_PRODUCT_AVAILABILITY","1","merchant_search"
"Find REWE.","MERCHANT","SEARCH","SEARCH","merchant_api","hybrid","","REWE","","","","","","","false","false","false","SEARCH_MERCHANT","single","SEARCH_MERCHANT","1","merchant_api"
"Search for Lidl.","MERCHANT","SEARCH","SEARCH","merchant_api","hybrid","","Lidl","","","","","","","false","false","false","SEARCH_MERCHANT","single","SEARCH_MERCHANT","1","merchant_api"
"Show me Aldi stores.","MERCHANT","SEARCH","SEARCH","merchant_api","hybrid","","Aldi","","","","","","","false","false","false","SEARCH_MERCHANT","single","SEARCH_MERCHANT","1","merchant_api"
"Look for EDEKA.","MERCHANT","SEARCH","SEARCH","merchant_api","hybrid","","EDEKA","","","","","","","false","false","false","SEARCH_MERCHANT","single","SEARCH_MERCHANT","1","merchant_api"
"Find a Kaufland store.","MERCHANT","SEARCH","SEARCH","merchant_api","hybrid","","Kaufland","","","","","","","false","false","false","SEARCH_MERCHANT","single","SEARCH_MERCHANT","1","merchant_api"
"Search for Penny.","MERCHANT","SEARCH","SEARCH","merchant_api","hybrid","","Penny","","","","","","","false","false","false","SEARCH_MERCHANT","single","SEARCH_MERCHANT","1","merchant_api"
"Show me Netto stores.","MERCHANT","SEARCH","SEARCH","merchant_api","hybrid","","Netto","","","","","","","false","false","false","SEARCH_MERCHANT","single","SEARCH_MERCHANT","1","merchant_api"
"Find a dm store.","MERCHANT","SEARCH","SEARCH","merchant_api","hybrid","","dm","","","","","","","false","false","false","SEARCH_MERCHANT","single","SEARCH_MERCHANT","1","merchant_api"
"Search for Rossmann.","MERCHANT","SEARCH","SEARCH","merchant_api","hybrid","","Rossmann","","","","","","","false","false","false","SEARCH_MERCHANT","single","SEARCH_MERCHANT","1","merchant_api"
"Show me a supermarket.","MERCHANT","SEARCH","SEARCH","merchant_api","hybrid","","Supermarket","","","","","","","false","false","false","SEARCH_MERCHANT","single","SEARCH_MERCHANT","1","merchant_api"
"Find a grocery store.","MERCHANT","SEARCH","SEARCH","merchant_api","hybrid","","Grocery Store","","","","","","","false","false","false","SEARCH_MERCHANT","single","SEARCH_MERCHANT","1","merchant_api"
"Search for a discount supermarket.","MERCHANT","SEARCH","SEARCH","merchant_api","hybrid","","Discount Supermarket","","","","","","","false","false","false","SEARCH_MERCHANT","single","SEARCH_MERCHANT","1","merchant_api"
"Show me an organic grocery store.","MERCHANT","SEARCH","SEARCH","merchant_api","hybrid","","Organic Grocery Store","","","","","","","false","false","false","SEARCH_MERCHANT","single","SEARCH_MERCHANT","1","merchant_api"
"Find an Asian grocery store.","MERCHANT","SEARCH","SEARCH","merchant_api","hybrid","","Asian Grocery Store","","","","","","","false","false","false","SEARCH_MERCHANT","single","SEARCH_MERCHANT","1","merchant_api"
"Search for a Turkish supermarket.","MERCHANT","SEARCH","SEARCH","merchant_api","hybrid","","Turkish Supermarket","","","","","","","false","false","false","SEARCH_MERCHANT","single","SEARCH_MERCHANT","1","merchant_api"
"Show me a convenience store.","MERCHANT","SEARCH","SEARCH","merchant_api","hybrid","","Convenience Store","","","","","","","false","false","false","SEARCH_MERCHANT","single","SEARCH_MERCHANT","1","merchant_api"
"Find a farmers' market.","MERCHANT","SEARCH","SEARCH","merchant_api","hybrid","","Farmers' Market","","","","","","","false","false","false","SEARCH_MERCHANT","single","SEARCH_MERCHANT","1","merchant_api"
"Search for a wholesale grocery store.","MERCHANT","SEARCH","SEARCH","merchant_api","hybrid","","Wholesale Grocery Store","","","","","","","false","false","false","SEARCH_MERCHANT","single","SEARCH_MERCHANT","1","merchant_api"
"Show me a beverage store.","MERCHANT","SEARCH","SEARCH","merchant_api","hybrid","","Beverage Store","","","","","","","false","false","false","SEARCH_MERCHANT","single","SEARCH_MERCHANT","1","merchant_api"
"Find a bakery shop.","MERCHANT","SEARCH","SEARCH","merchant_api","hybrid","","Bakery","","","","","","","false","false","false","SEARCH_MERCHANT","single","SEARCH_MERCHANT","1","merchant_api"
"Show me supermarkets near me.","MERCHANT","SEARCH","NEARBY","merchant_api","hybrid","","Supermarket","","","","","CURRENT_LOCATION","1500","false","false","false","SEARCH_NEARBY_MERCHANTS","single","SEARCH_NEARBY_MERCHANTS","1","merchant_api"
"Find the nearest grocery store.","MERCHANT","SEARCH","NEARBY","merchant_api","hybrid","","Grocery Store","","","","","CURRENT_LOCATION","1500","false","false","false","SEARCH_NEARBY_MERCHANTS","single","SEARCH_NEARBY_MERCHANTS","1","merchant_api"
"Which Lidl is close to me?","MERCHANT","SEARCH","NEARBY","merchant_api","hybrid","","Lidl","","","","","CURRENT_LOCATION","1500","false","false","false","SEARCH_NEARBY_MERCHANTS","single","SEARCH_NEARBY_MERCHANTS","1","merchant_api"
"Show REWE stores nearby.","MERCHANT","SEARCH","NEARBY","merchant_api","hybrid","","REWE","","","","","CURRENT_LOCATION","1500","false","false","false","SEARCH_NEARBY_MERCHANTS","single","SEARCH_NEARBY_MERCHANTS","1","merchant_api"
"Find an Aldi around here.","MERCHANT","SEARCH","NEARBY","merchant_api","hybrid","","Aldi","","","","","CURRENT_LOCATION","1500","false","false","false","SEARCH_NEARBY_MERCHANTS","single","SEARCH_NEARBY_MERCHANTS","1","merchant_api"
"Which EDEKA is nearest?","MERCHANT","SEARCH","NEARBY","merchant_api","hybrid","","EDEKA","","","","","CURRENT_LOCATION","1500","false","false","false","SEARCH_NEARBY_MERCHANTS","single","SEARCH_NEARBY_MERCHANTS","1","merchant_api"
"Show me nearby discount supermarkets.","MERCHANT","SEARCH","NEARBY","merchant_api","hybrid","","Discount Supermarket","","","","","CURRENT_LOCATION","1500","false","false","false","SEARCH_NEARBY_MERCHANTS","single","SEARCH_NEARBY_MERCHANTS","1","merchant_api"
"Find grocery shops in my area.","MERCHANT","SEARCH","NEARBY","merchant_api","hybrid","","Grocery Store","","","","","CURRENT_LOCATION","1500","false","false","false","SEARCH_NEARBY_MERCHANTS","single","SEARCH_NEARBY_MERCHANTS","1","merchant_api"
"Show stores close to my current location.","MERCHANT","SEARCH","NEARBY","merchant_api","hybrid","","Grocery Store","","","","","CURRENT_LOCATION","1500","false","false","false","SEARCH_NEARBY_MERCHANTS","single","SEARCH_NEARBY_MERCHANTS","1","merchant_api"
"Find a nearby organic market.","MERCHANT","SEARCH","NEARBY","merchant_api","hybrid","","Organic Market","","","","","CURRENT_LOCATION","1500","false","false","false","SEARCH_NEARBY_MERCHANTS","single","SEARCH_NEARBY_MERCHANTS","1","merchant_api"
"Which supermarket is closest?","MERCHANT","SEARCH","NEARBY","merchant_api","hybrid","","Supermarket","","","","","CURRENT_LOCATION","1500","false","false","false","SEARCH_NEARBY_MERCHANTS","single","SEARCH_NEARBY_MERCHANTS","1","merchant_api"
"Show me convenience stores around me.","MERCHANT","SEARCH","NEARBY","merchant_api","hybrid","","Convenience Store","","","","","CURRENT_LOCATION","1500","false","false","false","SEARCH_NEARBY_MERCHANTS","single","SEARCH_NEARBY_MERCHANTS","1","merchant_api"
"Find a bakery near me.","MERCHANT","SEARCH","NEARBY","merchant_api","hybrid","","Bakery","","","","","CURRENT_LOCATION","1500","false","false","false","SEARCH_NEARBY_MERCHANTS","single","SEARCH_NEARBY_MERCHANTS","1","merchant_api"
"Show nearby beverage stores.","MERCHANT","SEARCH","NEARBY","merchant_api","hybrid","","Beverage Store","","","","","CURRENT_LOCATION","1500","false","false","false","SEARCH_NEARBY_MERCHANTS","single","SEARCH_NEARBY_MERCHANTS","1","merchant_api"
"Find the closest Kaufland.","MERCHANT","SEARCH","NEARBY","merchant_api","hybrid","","Kaufland","","","","","CURRENT_LOCATION","1500","false","false","false","SEARCH_NEARBY_MERCHANTS","single","SEARCH_NEARBY_MERCHANTS","1","merchant_api"
"Which Penny stores are around here?","MERCHANT","SEARCH","NEARBY","merchant_api","hybrid","","Penny","","","","","CURRENT_LOCATION","1500","false","false","false","SEARCH_NEARBY_MERCHANTS","single","SEARCH_NEARBY_MERCHANTS","1","merchant_api"
"Show me nearby farmers' markets.","MERCHANT","SEARCH","NEARBY","merchant_api","hybrid","","Farmers' Market","","","","","CURRENT_LOCATION","1500","false","false","false","SEARCH_NEARBY_MERCHANTS","single","SEARCH_NEARBY_MERCHANTS","1","merchant_api"
"Find a dm close to me.","MERCHANT","SEARCH","NEARBY","merchant_api","hybrid","","dm","","","","","CURRENT_LOCATION","1500","false","false","false","SEARCH_NEARBY_MERCHANTS","single","SEARCH_NEARBY_MERCHANTS","1","merchant_api"
"Show Rossmann stores in the area.","MERCHANT","SEARCH","NEARBY","merchant_api","hybrid","","Rossmann","","","","","CURRENT_LOCATION","1500","false","false","false","SEARCH_NEARBY_MERCHANTS","single","SEARCH_NEARBY_MERCHANTS","1","merchant_api"
"Find the nearest Asian grocery store.","MERCHANT","SEARCH","NEARBY","merchant_api","hybrid","","Asian Grocery Store","","","","","CURRENT_LOCATION","1500","false","false","false","SEARCH_NEARBY_MERCHANTS","single","SEARCH_NEARBY_MERCHANTS","1","merchant_api"
"Show me details for REWE.","MERCHANT","SHOW","DETAILS","merchant_api","hybrid","","REWE","","","","","","","false","false","false","SHOW_MERCHANT_DETAILS","single","SHOW_MERCHANT_DETAILS","1","merchant_api"
"Tell me about this Lidl store.","MERCHANT","SHOW","DETAILS","merchant_api","hybrid","","Lidl","","","","","","","false","false","false","SHOW_MERCHANT_DETAILS","single","SHOW_MERCHANT_DETAILS","1","merchant_api"
"Give me information about Aldi.","MERCHANT","SHOW","DETAILS","merchant_api","hybrid","","Aldi","","","","","","","false","false","false","SHOW_MERCHANT_DETAILS","single","SHOW_MERCHANT_DETAILS","1","merchant_api"
"Show the store profile for EDEKA.","MERCHANT","SHOW","DETAILS","merchant_api","hybrid","","EDEKA","","","","","","","false","false","false","SHOW_MERCHANT_DETAILS","single","SHOW_MERCHANT_DETAILS","1","merchant_api"
"Tell me more about Kaufland.","MERCHANT","SHOW","DETAILS","merchant_api","hybrid","","Kaufland","","","","","","","false","false","false","SHOW_MERCHANT_DETAILS","single","SHOW_MERCHANT_DETAILS","1","merchant_api"
"Display details for Penny.","MERCHANT","SHOW","DETAILS","merchant_api","hybrid","","Penny","","","","","","","false","false","false","SHOW_MERCHANT_DETAILS","single","SHOW_MERCHANT_DETAILS","1","merchant_api"
"Show information about Netto.","MERCHANT","SHOW","DETAILS","merchant_api","hybrid","","Netto","","","","","","","false","false","false","SHOW_MERCHANT_DETAILS","single","SHOW_MERCHANT_DETAILS","1","merchant_api"
"Give me the details for dm.","MERCHANT","SHOW","DETAILS","merchant_api","hybrid","","dm","","","","","","","false","false","false","SHOW_MERCHANT_DETAILS","single","SHOW_MERCHANT_DETAILS","1","merchant_api"
"Tell me about Rossmann.","MERCHANT","SHOW","DETAILS","merchant_api","hybrid","","Rossmann","","","","","","","false","false","false","SHOW_MERCHANT_DETAILS","single","SHOW_MERCHANT_DETAILS","1","merchant_api"
"Show the profile of this supermarket.","MERCHANT","SHOW","DETAILS","merchant_api","hybrid","","Supermarket","","","","","","","false","false","false","SHOW_MERCHANT_DETAILS","single","SHOW_MERCHANT_DETAILS","1","merchant_api"
"Give me general information about the store.","MERCHANT","SHOW","DETAILS","merchant_api","hybrid","","Selected Store","","","","","","","false","false","false","SHOW_MERCHANT_DETAILS","single","SHOW_MERCHANT_DETAILS","1","merchant_api"
"Show the store description.","MERCHANT","SHOW","DETAILS","merchant_api","hybrid","","Selected Store","","","","","","","false","false","false","SHOW_MERCHANT_DETAILS","single","SHOW_MERCHANT_DETAILS","1","merchant_api"
"Show me the facilities at this store.","MERCHANT","SHOW","DETAILS","merchant_api","hybrid","","Selected Store","","","","","","","false","false","false","SHOW_MERCHANT_DETAILS","single","SHOW_MERCHANT_DETAILS","1","merchant_api"
"Tell me which services this supermarket has.","MERCHANT","SHOW","DETAILS","merchant_api","hybrid","","Supermarket","","","","","","","false","false","false","SHOW_MERCHANT_DETAILS","single","SHOW_MERCHANT_DETAILS","1","merchant_api"
"Show me the store's basic information.","MERCHANT","SHOW","DETAILS","merchant_api","hybrid","","Selected Store","","","","","","","false","false","false","SHOW_MERCHANT_DETAILS","single","SHOW_MERCHANT_DETAILS","1","merchant_api"
"Give me an overview of this merchant.","MERCHANT","SHOW","DETAILS","merchant_api","hybrid","","Selected Merchant","","","","","","","false","false","false","SHOW_MERCHANT_DETAILS","single","SHOW_MERCHANT_DETAILS","1","merchant_api"
"Tell me more about this grocery shop.","MERCHANT","SHOW","DETAILS","merchant_api","hybrid","","Grocery Store","","","","","","","false","false","false","SHOW_MERCHANT_DETAILS","single","SHOW_MERCHANT_DETAILS","1","merchant_api"
"Show the merchant profile.","MERCHANT","SHOW","DETAILS","merchant_api","hybrid","","Selected Merchant","","","","","","","false","false","false","SHOW_MERCHANT_DETAILS","single","SHOW_MERCHANT_DETAILS","1","merchant_api"
"Display the store details.","MERCHANT","SHOW","DETAILS","merchant_api","hybrid","","Selected Store","","","","","","","false","false","false","SHOW_MERCHANT_DETAILS","single","SHOW_MERCHANT_DETAILS","1","merchant_api"
"Give me information about this market.","MERCHANT","SHOW","DETAILS","merchant_api","hybrid","","Selected Market","","","","","","","false","false","false","SHOW_MERCHANT_DETAILS","single","SHOW_MERCHANT_DETAILS","1","merchant_api"
"When does REWE open?","MERCHANT","SHOW","OPENING_HOURS","merchant_api","hybrid","","REWE","","","","","","","false","false","false","SHOW_MERCHANT_OPENING_HOURS","single","SHOW_MERCHANT_OPENING_HOURS","1","merchant_api"
"What time does Lidl close?","MERCHANT","SHOW","OPENING_HOURS","merchant_api","hybrid","","Lidl","","","","","","","false","false","false","SHOW_MERCHANT_OPENING_HOURS","single","SHOW_MERCHANT_OPENING_HOURS","1","merchant_api"
"Show me Aldi's opening hours.","MERCHANT","SHOW","OPENING_HOURS","merchant_api","hybrid","","Aldi","","","","","","","false","false","false","SHOW_MERCHANT_OPENING_HOURS","single","SHOW_MERCHANT_OPENING_HOURS","1","merchant_api"
"Is EDEKA open now?","MERCHANT","SHOW","OPENING_HOURS","merchant_api","hybrid","","EDEKA","","","","","","","false","false","false","SHOW_MERCHANT_OPENING_HOURS","single","SHOW_MERCHANT_OPENING_HOURS","1","merchant_api"
"When is Kaufland open?","MERCHANT","SHOW","OPENING_HOURS","merchant_api","hybrid","","Kaufland","","","","","","","false","false","false","SHOW_MERCHANT_OPENING_HOURS","single","SHOW_MERCHANT_OPENING_HOURS","1","merchant_api"
"What are Penny's hours today?","MERCHANT","SHOW","OPENING_HOURS","merchant_api","hybrid","","Penny","","","","","","","false","false","false","SHOW_MERCHANT_OPENING_HOURS","single","SHOW_MERCHANT_OPENING_HOURS","1","merchant_api"
"Show me Netto's business hours.","MERCHANT","SHOW","OPENING_HOURS","merchant_api","hybrid","","Netto","","","","","","","false","false","false","SHOW_MERCHANT_OPENING_HOURS","single","SHOW_MERCHANT_OPENING_HOURS","1","merchant_api"
"Is dm open on Sunday?","MERCHANT","SHOW","OPENING_HOURS","merchant_api","hybrid","","dm","","","","","","","false","false","false","SHOW_MERCHANT_OPENING_HOURS","single","SHOW_MERCHANT_OPENING_HOURS","1","merchant_api"
"When does Rossmann close today?","MERCHANT","SHOW","OPENING_HOURS","merchant_api","hybrid","","Rossmann","","","","","","","false","false","false","SHOW_MERCHANT_OPENING_HOURS","single","SHOW_MERCHANT_OPENING_HOURS","1","merchant_api"
"What time does this supermarket open?","MERCHANT","SHOW","OPENING_HOURS","merchant_api","hybrid","","Selected Supermarket","","","","","","","false","false","false","SHOW_MERCHANT_OPENING_HOURS","single","SHOW_MERCHANT_OPENING_HOURS","1","merchant_api"
"Is the grocery store open right now?","MERCHANT","SHOW","OPENING_HOURS","merchant_api","hybrid","","Selected Grocery Store","","","","","","","false","false","false","SHOW_MERCHANT_OPENING_HOURS","single","SHOW_MERCHANT_OPENING_HOURS","1","merchant_api"
"Show me the store hours for tomorrow.","MERCHANT","SHOW","OPENING_HOURS","merchant_api","hybrid","","Selected Store","","","","","","","false","false","false","SHOW_MERCHANT_OPENING_HOURS","single","SHOW_MERCHANT_OPENING_HOURS","1","merchant_api"
"When does this market close?","MERCHANT","SHOW","OPENING_HOURS","merchant_api","hybrid","","Selected Market","","","","","","","false","false","false","SHOW_MERCHANT_OPENING_HOURS","single","SHOW_MERCHANT_OPENING_HOURS","1","merchant_api"
"What are the weekend opening hours?","MERCHANT","SHOW","OPENING_HOURS","merchant_api","hybrid","","Selected Store","","","","","","","false","false","false","SHOW_MERCHANT_OPENING_HOURS","single","SHOW_MERCHANT_OPENING_HOURS","1","merchant_api"
"Is this shop open on Saturday?","MERCHANT","SHOW","OPENING_HOURS","merchant_api","hybrid","","Selected Shop","","","","","","","false","false","false","SHOW_MERCHANT_OPENING_HOURS","single","SHOW_MERCHANT_OPENING_HOURS","1","merchant_api"
"Show me today's opening times.","MERCHANT","SHOW","OPENING_HOURS","merchant_api","hybrid","","Selected Store","","","","","","","false","false","false","SHOW_MERCHANT_OPENING_HOURS","single","SHOW_MERCHANT_OPENING_HOURS","1","merchant_api"
"When can I visit this store?","MERCHANT","SHOW","OPENING_HOURS","merchant_api","hybrid","","Selected Store","","","","","","","false","false","false","SHOW_MERCHANT_OPENING_HOURS","single","SHOW_MERCHANT_OPENING_HOURS","1","merchant_api"
"What time is the supermarket open until?","MERCHANT","SHOW","OPENING_HOURS","merchant_api","hybrid","","Selected Supermarket","","","","","","","false","false","false","SHOW_MERCHANT_OPENING_HOURS","single","SHOW_MERCHANT_OPENING_HOURS","1","merchant_api"
"Is the store open this evening?","MERCHANT","SHOW","OPENING_HOURS","merchant_api","hybrid","","Selected Store","","","","","","","false","false","false","SHOW_MERCHANT_OPENING_HOURS","single","SHOW_MERCHANT_OPENING_HOURS","1","merchant_api"
"Show me the holiday opening hours.","MERCHANT","SHOW","OPENING_HOURS","merchant_api","hybrid","","Selected Store","","","","","","","false","false","false","SHOW_MERCHANT_OPENING_HOURS","single","SHOW_MERCHANT_OPENING_HOURS","1","merchant_api"
"Give me REWE's phone number.","MERCHANT","SHOW","CONTACT","merchant_api","hybrid","","REWE","","","","","","","false","false","false","SHOW_MERCHANT_CONTACT","single","SHOW_MERCHANT_CONTACT","1","merchant_api"
"How can I contact Lidl?","MERCHANT","SHOW","CONTACT","merchant_api","hybrid","","Lidl","","","","","","","false","false","false","SHOW_MERCHANT_CONTACT","single","SHOW_MERCHANT_CONTACT","1","merchant_api"
"Show me Aldi's contact details.","MERCHANT","SHOW","CONTACT","merchant_api","hybrid","","Aldi","","","","","","","false","false","false","SHOW_MERCHANT_CONTACT","single","SHOW_MERCHANT_CONTACT","1","merchant_api"
"What is EDEKA's phone number?","MERCHANT","SHOW","CONTACT","merchant_api","hybrid","","EDEKA","","","","","","","false","false","false","SHOW_MERCHANT_CONTACT","single","SHOW_MERCHANT_CONTACT","1","merchant_api"
"Give me Kaufland's email address.","MERCHANT","SHOW","CONTACT","merchant_api","hybrid","","Kaufland","","","","","","","false","false","false","SHOW_MERCHANT_CONTACT","single","SHOW_MERCHANT_CONTACT","1","merchant_api"
"Show me Penny's contact information.","MERCHANT","SHOW","CONTACT","merchant_api","hybrid","","Penny","","","","","","","false","false","false","SHOW_MERCHANT_CONTACT","single","SHOW_MERCHANT_CONTACT","1","merchant_api"
"How do I reach Netto?","MERCHANT","SHOW","CONTACT","merchant_api","hybrid","","Netto","","","","","","","false","false","false","SHOW_MERCHANT_CONTACT","single","SHOW_MERCHANT_CONTACT","1","merchant_api"
"Give me the phone number for dm.","MERCHANT","SHOW","CONTACT","merchant_api","hybrid","","dm","","","","","","","false","false","false","SHOW_MERCHANT_CONTACT","single","SHOW_MERCHANT_CONTACT","1","merchant_api"
"Show me Rossmann's email address.","MERCHANT","SHOW","CONTACT","merchant_api","hybrid","","Rossmann","","","","","","","false","false","false","SHOW_MERCHANT_CONTACT","single","SHOW_MERCHANT_CONTACT","1","merchant_api"
"What is this supermarket's contact number?","MERCHANT","SHOW","CONTACT","merchant_api","hybrid","","Selected Supermarket","","","","","","","false","false","false","SHOW_MERCHANT_CONTACT","single","SHOW_MERCHANT_CONTACT","1","merchant_api"
"Give me the store's email.","MERCHANT","SHOW","CONTACT","merchant_api","hybrid","","Selected Store","","","","","","","false","false","false","SHOW_MERCHANT_CONTACT","single","SHOW_MERCHANT_CONTACT","1","merchant_api"
"Show me the customer service number.","MERCHANT","SHOW","CONTACT","merchant_api","hybrid","","Selected Store","","","","","","","false","false","false","SHOW_MERCHANT_CONTACT","single","SHOW_MERCHANT_CONTACT","1","merchant_api"
"How can I get in touch with this store?","MERCHANT","SHOW","CONTACT","merchant_api","hybrid","","Selected Store","","","","","","","false","false","false","SHOW_MERCHANT_CONTACT","single","SHOW_MERCHANT_CONTACT","1","merchant_api"
"Display the merchant's contact details.","MERCHANT","SHOW","CONTACT","merchant_api","hybrid","","Selected Merchant","","","","","","","false","false","false","SHOW_MERCHANT_CONTACT","single","SHOW_MERCHANT_CONTACT","1","merchant_api"
"What phone number does this shop use?","MERCHANT","SHOW","CONTACT","merchant_api","hybrid","","Selected Shop","","","","","","","false","false","false","SHOW_MERCHANT_CONTACT","single","SHOW_MERCHANT_CONTACT","1","merchant_api"
"Give me the contact information for this market.","MERCHANT","SHOW","CONTACT","merchant_api","hybrid","","Selected Market","","","","","","","false","false","false","SHOW_MERCHANT_CONTACT","single","SHOW_MERCHANT_CONTACT","1","merchant_api"
"Show me the store's telephone number.","MERCHANT","SHOW","CONTACT","merchant_api","hybrid","","Selected Store","","","","","","","false","false","false","SHOW_MERCHANT_CONTACT","single","SHOW_MERCHANT_CONTACT","1","merchant_api"
"How do I contact the grocery store?","MERCHANT","SHOW","CONTACT","merchant_api","hybrid","","Selected Grocery Store","","","","","","","false","false","false","SHOW_MERCHANT_CONTACT","single","SHOW_MERCHANT_CONTACT","1","merchant_api"
"Give me the merchant's email.","MERCHANT","SHOW","CONTACT","merchant_api","hybrid","","Selected Merchant","","","","","","","false","false","false","SHOW_MERCHANT_CONTACT","single","SHOW_MERCHANT_CONTACT","1","merchant_api"
"Show me a way to contact this supermarket.","MERCHANT","SHOW","CONTACT","merchant_api","hybrid","","Selected Supermarket","","","","","","","false","false","false","SHOW_MERCHANT_CONTACT","single","SHOW_MERCHANT_CONTACT","1","merchant_api"
"Plan a route to REWE.","NAVIGATION","ROUTE","ROUTE","maps_tool","navigation","","REWE","","","","","CURRENT_LOCATION","","false","false","false","ROUTE_TO_MERCHANT","single","ROUTE_TO_MERCHANT","1","maps_tool"
"Start a route to Lidl.","NAVIGATION","ROUTE","ROUTE","maps_tool","navigation","","Lidl","","","","","CURRENT_LOCATION","","false","false","false","ROUTE_TO_MERCHANT","single","ROUTE_TO_MERCHANT","1","maps_tool"
"Route me to Aldi.","NAVIGATION","ROUTE","ROUTE","maps_tool","navigation","","Aldi","","","","","CURRENT_LOCATION","","false","false","false","ROUTE_TO_MERCHANT","single","ROUTE_TO_MERCHANT","1","maps_tool"
"Plan the trip to EDEKA.","NAVIGATION","ROUTE","ROUTE","maps_tool","navigation","","EDEKA","","","","","CURRENT_LOCATION","","false","false","false","ROUTE_TO_MERCHANT","single","ROUTE_TO_MERCHANT","1","maps_tool"
"Start navigation to Kaufland.","NAVIGATION","ROUTE","ROUTE","maps_tool","navigation","","Kaufland","","","","","CURRENT_LOCATION","","false","false","false","ROUTE_TO_MERCHANT","single","ROUTE_TO_MERCHANT","1","maps_tool"
"Create a route to Penny.","NAVIGATION","ROUTE","ROUTE","maps_tool","navigation","","Penny","","","","","CURRENT_LOCATION","","false","false","false","ROUTE_TO_MERCHANT","single","ROUTE_TO_MERCHANT","1","maps_tool"
"Route me to Netto.","NAVIGATION","ROUTE","ROUTE","maps_tool","navigation","","Netto","","","","","CURRENT_LOCATION","","false","false","false","ROUTE_TO_MERCHANT","single","ROUTE_TO_MERCHANT","1","maps_tool"
"Plan a route to dm.","NAVIGATION","ROUTE","ROUTE","maps_tool","navigation","","dm","","","","","CURRENT_LOCATION","","false","false","false","ROUTE_TO_MERCHANT","single","ROUTE_TO_MERCHANT","1","maps_tool"
"Start the route to Rossmann.","NAVIGATION","ROUTE","ROUTE","maps_tool","navigation","","Rossmann","","","","","CURRENT_LOCATION","","false","false","false","ROUTE_TO_MERCHANT","single","ROUTE_TO_MERCHANT","1","maps_tool"
"Create a route to this supermarket.","NAVIGATION","ROUTE","ROUTE","maps_tool","navigation","","Selected Supermarket","","","","","CURRENT_LOCATION","","false","false","false","ROUTE_TO_MERCHANT","single","ROUTE_TO_MERCHANT","1","maps_tool"
"Plan my trip to the grocery store.","NAVIGATION","ROUTE","ROUTE","maps_tool","navigation","","Selected Grocery Store","","","","","CURRENT_LOCATION","","false","false","false","ROUTE_TO_MERCHANT","single","ROUTE_TO_MERCHANT","1","maps_tool"
"Start navigation to the selected store.","NAVIGATION","ROUTE","ROUTE","maps_tool","navigation","","Selected Store","","","","","CURRENT_LOCATION","","false","false","false","ROUTE_TO_MERCHANT","single","ROUTE_TO_MERCHANT","1","maps_tool"
"Route me from here to the market.","NAVIGATION","ROUTE","ROUTE","maps_tool","navigation","","Selected Market","","","","","CURRENT_LOCATION","","false","false","false","ROUTE_TO_MERCHANT","single","ROUTE_TO_MERCHANT","1","maps_tool"
"Create a route to the bakery.","NAVIGATION","ROUTE","ROUTE","maps_tool","navigation","","Selected Bakery","","","","","CURRENT_LOCATION","","false","false","false","ROUTE_TO_MERCHANT","single","ROUTE_TO_MERCHANT","1","maps_tool"
"Plan the drive to the supermarket.","NAVIGATION","ROUTE","ROUTE","maps_tool","navigation","","Selected Supermarket","","","","","CURRENT_LOCATION","","false","false","false","ROUTE_TO_MERCHANT","single","ROUTE_TO_MERCHANT","1","maps_tool"
"Start a walking route to Lidl.","NAVIGATION","ROUTE","ROUTE","maps_tool","navigation","","Lidl","","","","","CURRENT_LOCATION","","false","false","false","ROUTE_TO_MERCHANT","single","ROUTE_TO_MERCHANT","1","maps_tool"
"Plan a cycling route to REWE.","NAVIGATION","ROUTE","ROUTE","maps_tool","navigation","","REWE","","","","","CURRENT_LOCATION","","false","false","false","ROUTE_TO_MERCHANT","single","ROUTE_TO_MERCHANT","1","maps_tool"
"Route me to the store entrance.","NAVIGATION","ROUTE","ROUTE","maps_tool","navigation","","Selected Store","","","","","CURRENT_LOCATION","","false","false","false","ROUTE_TO_MERCHANT","single","ROUTE_TO_MERCHANT","1","maps_tool"
"Create a direct route to Aldi.","NAVIGATION","ROUTE","ROUTE","maps_tool","navigation","","Aldi","","","","","CURRENT_LOCATION","","false","false","false","ROUTE_TO_MERCHANT","single","ROUTE_TO_MERCHANT","1","maps_tool"
"Start navigation to the grocery shop.","NAVIGATION","ROUTE","ROUTE","maps_tool","navigation","","Selected Grocery Store","","","","","CURRENT_LOCATION","","false","false","false","ROUTE_TO_MERCHANT","single","ROUTE_TO_MERCHANT","1","maps_tool"
"Give me directions to REWE.","NAVIGATION","ROUTE","DIRECTIONS","maps_tool","navigation","","REWE","","","","","CURRENT_LOCATION","","false","false","false","GET_DIRECTIONS","single","GET_DIRECTIONS","1","maps_tool"
"How do I get to Lidl?","NAVIGATION","ROUTE","DIRECTIONS","maps_tool","navigation","","Lidl","","","","","CURRENT_LOCATION","","false","false","false","GET_DIRECTIONS","single","GET_DIRECTIONS","1","maps_tool"
"Show me the way to Aldi.","NAVIGATION","ROUTE","DIRECTIONS","maps_tool","navigation","","Aldi","","","","","CURRENT_LOCATION","","false","false","false","GET_DIRECTIONS","single","GET_DIRECTIONS","1","maps_tool"
"Tell me how to reach EDEKA.","NAVIGATION","ROUTE","DIRECTIONS","maps_tool","navigation","","EDEKA","","","","","CURRENT_LOCATION","","false","false","false","GET_DIRECTIONS","single","GET_DIRECTIONS","1","maps_tool"
"Give me turn-by-turn directions to Kaufland.","NAVIGATION","ROUTE","DIRECTIONS","maps_tool","navigation","","Kaufland","","","","","CURRENT_LOCATION","","false","false","false","GET_DIRECTIONS","single","GET_DIRECTIONS","1","maps_tool"
"How can I get to Penny?","NAVIGATION","ROUTE","DIRECTIONS","maps_tool","navigation","","Penny","","","","","CURRENT_LOCATION","","false","false","false","GET_DIRECTIONS","single","GET_DIRECTIONS","1","maps_tool"
"Show directions to Netto.","NAVIGATION","ROUTE","DIRECTIONS","maps_tool","navigation","","Netto","","","","","CURRENT_LOCATION","","false","false","false","GET_DIRECTIONS","single","GET_DIRECTIONS","1","maps_tool"
"Tell me the way to dm.","NAVIGATION","ROUTE","DIRECTIONS","maps_tool","navigation","","dm","","","","","CURRENT_LOCATION","","false","false","false","GET_DIRECTIONS","single","GET_DIRECTIONS","1","maps_tool"
"Give me directions to Rossmann.","NAVIGATION","ROUTE","DIRECTIONS","maps_tool","navigation","","Rossmann","","","","","CURRENT_LOCATION","","false","false","false","GET_DIRECTIONS","single","GET_DIRECTIONS","1","maps_tool"
"How do I reach this supermarket?","NAVIGATION","ROUTE","DIRECTIONS","maps_tool","navigation","","Selected Supermarket","","","","","CURRENT_LOCATION","","false","false","false","GET_DIRECTIONS","single","GET_DIRECTIONS","1","maps_tool"
"Show me how to get to the grocery store.","NAVIGATION","ROUTE","DIRECTIONS","maps_tool","navigation","","Selected Grocery Store","","","","","CURRENT_LOCATION","","false","false","false","GET_DIRECTIONS","single","GET_DIRECTIONS","1","maps_tool"
"Tell me the directions from here to the market.","NAVIGATION","ROUTE","DIRECTIONS","maps_tool","navigation","","Selected Market","","","","","CURRENT_LOCATION","","false","false","false","GET_DIRECTIONS","single","GET_DIRECTIONS","1","maps_tool"
"Give me walking directions to Lidl.","NAVIGATION","ROUTE","DIRECTIONS","maps_tool","navigation","","Lidl","","","","","CURRENT_LOCATION","","false","false","false","GET_DIRECTIONS","single","GET_DIRECTIONS","1","maps_tool"
"Show me driving directions to REWE.","NAVIGATION","ROUTE","DIRECTIONS","maps_tool","navigation","","REWE","","","","","CURRENT_LOCATION","","false","false","false","GET_DIRECTIONS","single","GET_DIRECTIONS","1","maps_tool"
"Tell me how to reach the bakery.","NAVIGATION","ROUTE","DIRECTIONS","maps_tool","navigation","","Selected Bakery","","","","","CURRENT_LOCATION","","false","false","false","GET_DIRECTIONS","single","GET_DIRECTIONS","1","maps_tool"
"Give me cycling directions to Aldi.","NAVIGATION","ROUTE","DIRECTIONS","maps_tool","navigation","","Aldi","","","","","CURRENT_LOCATION","","false","false","false","GET_DIRECTIONS","single","GET_DIRECTIONS","1","maps_tool"
"How do I get from here to the store?","NAVIGATION","ROUTE","DIRECTIONS","maps_tool","navigation","","Selected Store","","","","","CURRENT_LOCATION","","false","false","false","GET_DIRECTIONS","single","GET_DIRECTIONS","1","maps_tool"
"Show the steps to reach EDEKA.","NAVIGATION","ROUTE","DIRECTIONS","maps_tool","navigation","","EDEKA","","","","","CURRENT_LOCATION","","false","false","false","GET_DIRECTIONS","single","GET_DIRECTIONS","1","maps_tool"
"Tell me which way to go to Kaufland.","NAVIGATION","ROUTE","DIRECTIONS","maps_tool","navigation","","Kaufland","","","","","CURRENT_LOCATION","","false","false","false","GET_DIRECTIONS","single","GET_DIRECTIONS","1","maps_tool"
"Give me directions to the selected shop.","NAVIGATION","ROUTE","DIRECTIONS","maps_tool","navigation","","Selected Shop","","","","","CURRENT_LOCATION","","false","false","false","GET_DIRECTIONS","single","GET_DIRECTIONS","1","maps_tool"
"Open REWE on the map.","NAVIGATION","ROUTE","OPEN_MAP","maps_tool","navigation","","REWE","","","","","CURRENT_LOCATION","","false","false","false","OPEN_GOOGLE_MAPS","single","OPEN_GOOGLE_MAPS","1","maps_tool"
"Show Lidl on the map.","NAVIGATION","ROUTE","OPEN_MAP","maps_tool","navigation","","Lidl","","","","","CURRENT_LOCATION","","false","false","false","OPEN_GOOGLE_MAPS","single","OPEN_GOOGLE_MAPS","1","maps_tool"
"Open the map for Aldi.","NAVIGATION","ROUTE","OPEN_MAP","maps_tool","navigation","","Aldi","","","","","CURRENT_LOCATION","","false","false","false","OPEN_GOOGLE_MAPS","single","OPEN_GOOGLE_MAPS","1","maps_tool"
"Display EDEKA on the map.","NAVIGATION","ROUTE","OPEN_MAP","maps_tool","navigation","","EDEKA","","","","","CURRENT_LOCATION","","false","false","false","OPEN_GOOGLE_MAPS","single","OPEN_GOOGLE_MAPS","1","maps_tool"
"Show Kaufland's location on the map.","NAVIGATION","ROUTE","OPEN_MAP","maps_tool","navigation","","Kaufland","","","","","CURRENT_LOCATION","","false","false","false","OPEN_GOOGLE_MAPS","single","OPEN_GOOGLE_MAPS","1","maps_tool"
"Open Penny in the map.","NAVIGATION","ROUTE","OPEN_MAP","maps_tool","navigation","","Penny","","","","","CURRENT_LOCATION","","false","false","false","OPEN_GOOGLE_MAPS","single","OPEN_GOOGLE_MAPS","1","maps_tool"
"Display Netto on the map.","NAVIGATION","ROUTE","OPEN_MAP","maps_tool","navigation","","Netto","","","","","CURRENT_LOCATION","","false","false","false","OPEN_GOOGLE_MAPS","single","OPEN_GOOGLE_MAPS","1","maps_tool"
"Show dm on the map.","NAVIGATION","ROUTE","OPEN_MAP","maps_tool","navigation","","dm","","","","","CURRENT_LOCATION","","false","false","false","OPEN_GOOGLE_MAPS","single","OPEN_GOOGLE_MAPS","1","maps_tool"
"Open Rossmann's map location.","NAVIGATION","ROUTE","OPEN_MAP","maps_tool","navigation","","Rossmann","","","","","CURRENT_LOCATION","","false","false","false","OPEN_GOOGLE_MAPS","single","OPEN_GOOGLE_MAPS","1","maps_tool"
"Show this supermarket on the map.","NAVIGATION","ROUTE","OPEN_MAP","maps_tool","navigation","","Selected Supermarket","","","","","CURRENT_LOCATION","","false","false","false","OPEN_GOOGLE_MAPS","single","OPEN_GOOGLE_MAPS","1","maps_tool"
"Open the grocery store in maps.","NAVIGATION","ROUTE","OPEN_MAP","maps_tool","navigation","","Selected Grocery Store","","","","","CURRENT_LOCATION","","false","false","false","OPEN_GOOGLE_MAPS","single","OPEN_GOOGLE_MAPS","1","maps_tool"
"Display the selected store on the map.","NAVIGATION","ROUTE","OPEN_MAP","maps_tool","navigation","","Selected Store","","","","","CURRENT_LOCATION","","false","false","false","OPEN_GOOGLE_MAPS","single","OPEN_GOOGLE_MAPS","1","maps_tool"
"Show the market's map pin.","NAVIGATION","ROUTE","OPEN_MAP","maps_tool","navigation","","Selected Market","","","","","CURRENT_LOCATION","","false","false","false","OPEN_GOOGLE_MAPS","single","OPEN_GOOGLE_MAPS","1","maps_tool"
"Open a map of the bakery.","NAVIGATION","ROUTE","OPEN_MAP","maps_tool","navigation","","Selected Bakery","","","","","CURRENT_LOCATION","","false","false","false","OPEN_GOOGLE_MAPS","single","OPEN_GOOGLE_MAPS","1","maps_tool"
"Display the shop location on the map.","NAVIGATION","ROUTE","OPEN_MAP","maps_tool","navigation","","Selected Shop","","","","","CURRENT_LOCATION","","false","false","false","OPEN_GOOGLE_MAPS","single","OPEN_GOOGLE_MAPS","1","maps_tool"
"Show the store on Google Maps.","NAVIGATION","ROUTE","OPEN_MAP","maps_tool","navigation","","Selected Store","","","","","CURRENT_LOCATION","","false","false","false","OPEN_GOOGLE_MAPS","single","OPEN_GOOGLE_MAPS","1","maps_tool"
"Open the map view for REWE.","NAVIGATION","ROUTE","OPEN_MAP","maps_tool","navigation","","REWE","","","","","CURRENT_LOCATION","","false","false","false","OPEN_GOOGLE_MAPS","single","OPEN_GOOGLE_MAPS","1","maps_tool"
"Display Lidl's map pin.","NAVIGATION","ROUTE","OPEN_MAP","maps_tool","navigation","","Lidl","","","","","CURRENT_LOCATION","","false","false","false","OPEN_GOOGLE_MAPS","single","OPEN_GOOGLE_MAPS","1","maps_tool"
"Show the merchant location on a map.","NAVIGATION","ROUTE","OPEN_MAP","maps_tool","navigation","","Selected Merchant","","","","","CURRENT_LOCATION","","false","false","false","OPEN_GOOGLE_MAPS","single","OPEN_GOOGLE_MAPS","1","maps_tool"
"Open the selected grocery shop on the map.","NAVIGATION","ROUTE","OPEN_MAP","maps_tool","navigation","","Selected Grocery Store","","","","","CURRENT_LOCATION","","false","false","false","OPEN_GOOGLE_MAPS","single","OPEN_GOOGLE_MAPS","1","maps_tool"
"Find frozen pizza under €4 and route me to the cheapest store.","PRODUCT","SEARCH","SEARCH_BY_PRICE","merchant_search","hybrid","Frozen Pizza","","","","","4.0","CURRENT_LOCATION","","false","false","true","SEARCH_PRODUCT_BY_PRICE","sequential","SEARCH_PRODUCT_BY_PRICE > ROUTE_TO_MERCHANT","2","merchant_search > maps_tool"
"Show me whole milk below €2, then start navigation to the best-priced option.","PRODUCT","SEARCH","SEARCH_BY_PRICE","merchant_search","hybrid","Whole Milk","","","","","2.0","CURRENT_LOCATION","","false","false","true","SEARCH_PRODUCT_BY_PRICE","sequential","SEARCH_PRODUCT_BY_PRICE > ROUTE_TO_MERCHANT","2","merchant_search > maps_tool"
"Search for olive oil costing no more than €8 and take me to the store.","PRODUCT","SEARCH","SEARCH_BY_PRICE","merchant_search","hybrid","Olive Oil","","","","","8.0","CURRENT_LOCATION","","false","false","true","SEARCH_PRODUCT_BY_PRICE","sequential","SEARCH_PRODUCT_BY_PRICE > ROUTE_TO_MERCHANT","2","merchant_search > maps_tool"
"Locate ground coffee under €6 and guide me to the cheapest seller.","PRODUCT","SEARCH","SEARCH_BY_PRICE","merchant_search","hybrid","Ground Coffee","","","","","6.0","CURRENT_LOCATION","","false","false","true","SEARCH_PRODUCT_BY_PRICE","sequential","SEARCH_PRODUCT_BY_PRICE > ROUTE_TO_MERCHANT","2","merchant_search > maps_tool"
"Find the lowest-priced basmati rice below €5 and navigate me there.","PRODUCT","SEARCH","SEARCH_BY_PRICE","merchant_search","hybrid","Basmati Rice","","","","","5.0","CURRENT_LOCATION","","false","false","true","SEARCH_PRODUCT_BY_PRICE","sequential","SEARCH_PRODUCT_BY_PRICE > ROUTE_TO_MERCHANT","2","merchant_search > maps_tool"
"Find eggs under €4 and route me to the cheapest store.","PRODUCT","SEARCH","SEARCH_BY_PRICE","merchant_search","hybrid","Eggs","","","","","4.0","CURRENT_LOCATION","","false","false","true","SEARCH_PRODUCT_BY_PRICE","sequential","SEARCH_PRODUCT_BY_PRICE > ROUTE_TO_MERCHANT","2","merchant_search > maps_tool"
"Show me oat milk below €3, then start navigation to the best-priced option.","PRODUCT","SEARCH","SEARCH_BY_PRICE","merchant_search","hybrid","Oat Milk","","","","","3.0","CURRENT_LOCATION","","false","false","true","SEARCH_PRODUCT_BY_PRICE","sequential","SEARCH_PRODUCT_BY_PRICE > ROUTE_TO_MERCHANT","2","merchant_search > maps_tool"
"Search for cheddar cheese costing no more than €5 and take me to the store.","PRODUCT","SEARCH","SEARCH_BY_PRICE","merchant_search","hybrid","Cheddar Cheese","","","","","5.0","CURRENT_LOCATION","","false","false","true","SEARCH_PRODUCT_BY_PRICE","sequential","SEARCH_PRODUCT_BY_PRICE > ROUTE_TO_MERCHANT","2","merchant_search > maps_tool"
"Locate orange juice under €3 and guide me to the cheapest seller.","PRODUCT","SEARCH","SEARCH_BY_PRICE","merchant_search","hybrid","Orange Juice","","","","","3.0","CURRENT_LOCATION","","false","false","true","SEARCH_PRODUCT_BY_PRICE","sequential","SEARCH_PRODUCT_BY_PRICE > ROUTE_TO_MERCHANT","2","merchant_search > maps_tool"
"Find the lowest-priced chicken breast below €10 and navigate me there.","PRODUCT","SEARCH","SEARCH_BY_PRICE","merchant_search","hybrid","Chicken Breast","","","","","10.0","CURRENT_LOCATION","","false","false","true","SEARCH_PRODUCT_BY_PRICE","sequential","SEARCH_PRODUCT_BY_PRICE > ROUTE_TO_MERCHANT","2","merchant_search > maps_tool"
"Find Greek yogurt under €3 and open the cheapest store on the map.","PRODUCT","SEARCH","SEARCH_BY_PRICE","merchant_search","hybrid","Greek Yogurt","","","","","3.0","CURRENT_LOCATION","","false","false","true","SEARCH_PRODUCT_BY_PRICE","sequential","SEARCH_PRODUCT_BY_PRICE > OPEN_GOOGLE_MAPS","2","merchant_search > maps_tool"
"Show me the best price for spaghetti below €2.5, then display the store on the map.","PRODUCT","SEARCH","SEARCH_BY_PRICE","merchant_search","hybrid","Spaghetti","","","","","2.5","CURRENT_LOCATION","","false","false","true","SEARCH_PRODUCT_BY_PRICE","sequential","SEARCH_PRODUCT_BY_PRICE > OPEN_GOOGLE_MAPS","2","merchant_search > maps_tool"
"Search for butter under €4 and open the winning location in maps.","PRODUCT","SEARCH","SEARCH_BY_PRICE","merchant_search","hybrid","Butter","","","","","4.0","CURRENT_LOCATION","","false","false","true","SEARCH_PRODUCT_BY_PRICE","sequential","SEARCH_PRODUCT_BY_PRICE > OPEN_GOOGLE_MAPS","2","merchant_search > maps_tool"
"Locate the cheapest mineral water below €1.5 and show me where the store is.","PRODUCT","SEARCH","SEARCH_BY_PRICE","merchant_search","hybrid","Mineral Water","","","","","1.5","CURRENT_LOCATION","","false","false","true","SEARCH_PRODUCT_BY_PRICE","sequential","SEARCH_PRODUCT_BY_PRICE > OPEN_GOOGLE_MAPS","2","merchant_search > maps_tool"
"Find tomato sauce for no more than €2.5, then open that shop on the map.","PRODUCT","SEARCH","SEARCH_BY_PRICE","merchant_search","hybrid","Tomato Sauce","","","","","2.5","CURRENT_LOCATION","","false","false","true","SEARCH_PRODUCT_BY_PRICE","sequential","SEARCH_PRODUCT_BY_PRICE > OPEN_GOOGLE_MAPS","2","merchant_search > maps_tool"
"Compare prices for Kartoffel Püree and check whether the cheapest option is in stock.","PRODUCT","COMPARE","COMPARE_PRODUCTS","merchant_search","hybrid","Kartoffel Püree","","","","","","CURRENT_LOCATION","","false","false","true","COMPARE_PRODUCTS","parallel","COMPARE_PRODUCTS > CHECK_PRODUCT_AVAILABILITY","2","merchant_search > merchant_search"
"Find the lowest price for oat milk and confirm that it is available.","PRODUCT","COMPARE","COMPARE_PRODUCTS","merchant_search","hybrid","Oat Milk","","","","","","CURRENT_LOCATION","","false","false","true","COMPARE_PRODUCTS","parallel","COMPARE_PRODUCTS > CHECK_PRODUCT_AVAILABILITY","2","merchant_search > merchant_search"
"Show me the cheapest olive oil and check its availability.","PRODUCT","COMPARE","COMPARE_PRODUCTS","merchant_search","hybrid","Olive Oil","","","","","","CURRENT_LOCATION","","false","false","true","COMPARE_PRODUCTS","parallel","COMPARE_PRODUCTS > CHECK_PRODUCT_AVAILABILITY","2","merchant_search > merchant_search"
"Compare ground coffee prices, then see if the best deal is in stock.","PRODUCT","COMPARE","COMPARE_PRODUCTS","merchant_search","hybrid","Ground Coffee","","","","","","CURRENT_LOCATION","","false","false","true","COMPARE_PRODUCTS","parallel","COMPARE_PRODUCTS > CHECK_PRODUCT_AVAILABILITY","2","merchant_search > merchant_search"
"Find a cheaper frozen pizza option and verify that I can buy it now.","PRODUCT","COMPARE","COMPARE_PRODUCTS","merchant_search","hybrid","Frozen Pizza","","","","","","CURRENT_LOCATION","","false","false","true","COMPARE_PRODUCTS","parallel","COMPARE_PRODUCTS > CHECK_PRODUCT_AVAILABILITY","2","merchant_search > merchant_search"
"Show the best-priced whole milk and check whether it is available today.","PRODUCT","COMPARE","COMPARE_PRODUCTS","merchant_search","hybrid","Whole Milk","","","","","","CURRENT_LOCATION","","false","false","true","COMPARE_PRODUCTS","parallel","COMPARE_PRODUCTS > CHECK_PRODUCT_AVAILABILITY","2","merchant_search > merchant_search"
"Compare the prices of basmati rice and confirm stock for the cheapest result.","PRODUCT","COMPARE","COMPARE_PRODUCTS","merchant_search","hybrid","Basmati Rice","","","","","","CURRENT_LOCATION","","false","false","true","COMPARE_PRODUCTS","parallel","COMPARE_PRODUCTS > CHECK_PRODUCT_AVAILABILITY","2","merchant_search > merchant_search"
"Find the cheapest place for cheddar cheese and check that the product is available.","PRODUCT","COMPARE","COMPARE_PRODUCTS","merchant_search","hybrid","Cheddar Cheese","","","","","","CURRENT_LOCATION","","false","false","true","COMPARE_PRODUCTS","parallel","COMPARE_PRODUCTS > CHECK_PRODUCT_AVAILABILITY","2","merchant_search > merchant_search"
"Compare prices for bananas and open the cheapest store on the map.","PRODUCT","COMPARE","COMPARE_PRODUCTS","merchant_search","hybrid","Bananas","","","","","","CURRENT_LOCATION","","false","false","true","COMPARE_PRODUCTS","sequential","COMPARE_PRODUCTS > OPEN_GOOGLE_MAPS","2","merchant_search > maps_tool"
"Find the lowest price for tomato sauce, then show me the store location.","PRODUCT","COMPARE","COMPARE_PRODUCTS","merchant_search","hybrid","Tomato Sauce","","","","","","CURRENT_LOCATION","","false","false","true","COMPARE_PRODUCTS","sequential","COMPARE_PRODUCTS > OPEN_GOOGLE_MAPS","2","merchant_search > maps_tool"
"Show me the cheapest ice cream and open that shop in maps.","PRODUCT","COMPARE","COMPARE_PRODUCTS","merchant_search","hybrid","Ice Cream","","","","","","CURRENT_LOCATION","","false","false","true","COMPARE_PRODUCTS","sequential","COMPARE_PRODUCTS > OPEN_GOOGLE_MAPS","2","merchant_search > maps_tool"
"Compare black tea prices and display the best-priced store on the map.","PRODUCT","COMPARE","COMPARE_PRODUCTS","merchant_search","hybrid","Black Tea","","","","","","CURRENT_LOCATION","","false","false","true","COMPARE_PRODUCTS","sequential","COMPARE_PRODUCTS > OPEN_GOOGLE_MAPS","2","merchant_search > maps_tool"
"Find a cheaper cornflakes option, then show me where to buy it.","PRODUCT","COMPARE","COMPARE_PRODUCTS","merchant_search","hybrid","Cornflakes","","","","","","CURRENT_LOCATION","","false","false","true","COMPARE_PRODUCTS","sequential","COMPARE_PRODUCTS > OPEN_GOOGLE_MAPS","2","merchant_search > maps_tool"
"Where is apples cheapest? Open that store on the map.","PRODUCT","COMPARE","COMPARE_PRODUCTS","merchant_search","hybrid","Apples","","","","","","CURRENT_LOCATION","","false","false","true","COMPARE_PRODUCTS","sequential","COMPARE_PRODUCTS > OPEN_GOOGLE_MAPS","2","merchant_search > maps_tool"
"Find the best deal on butter and display the seller in maps.","PRODUCT","COMPARE","COMPARE_PRODUCTS","merchant_search","hybrid","Butter","","","","","","CURRENT_LOCATION","","false","false","true","COMPARE_PRODUCTS","sequential","COMPARE_PRODUCTS > OPEN_GOOGLE_MAPS","2","merchant_search > maps_tool"
"Find Barilla pasta and compare the available prices.","PRODUCT","SEARCH","SEARCH_BY_BRAND","merchant_search","hybrid","Pasta","","Barilla","","","","CURRENT_LOCATION","","false","false","true","SEARCH_PRODUCT_BY_BRAND","sequential","SEARCH_PRODUCT_BY_BRAND > COMPARE_PRODUCTS","2","merchant_search > merchant_search"
"Search for Alpro drinks, then show me the cheapest option.","PRODUCT","SEARCH","SEARCH_BY_BRAND","merchant_search","hybrid","Food and Drinks","","Alpro","","","","CURRENT_LOCATION","","false","false","true","SEARCH_PRODUCT_BY_BRAND","sequential","SEARCH_PRODUCT_BY_BRAND > COMPARE_PRODUCTS","2","merchant_search > merchant_search"
"Show me Lavazza coffee and compare prices across the results.","PRODUCT","SEARCH","SEARCH_BY_BRAND","merchant_search","hybrid","Coffee","","Lavazza","","","","CURRENT_LOCATION","","false","false","true","SEARCH_PRODUCT_BY_BRAND","sequential","SEARCH_PRODUCT_BY_BRAND > COMPARE_PRODUCTS","2","merchant_search > merchant_search"
"Look for Milka chocolate, then find the best-priced product.","PRODUCT","SEARCH","SEARCH_BY_BRAND","merchant_search","hybrid","Chocolate","","Milka","","","","CURRENT_LOCATION","","false","false","true","SEARCH_PRODUCT_BY_BRAND","sequential","SEARCH_PRODUCT_BY_BRAND > COMPARE_PRODUCTS","2","merchant_search > merchant_search"
"Search for Dr. Oetker pizza and suggest the cheapest suitable option.","PRODUCT","SEARCH","SEARCH_BY_BRAND","merchant_search","hybrid","Pizza","","Dr. Oetker","","","","CURRENT_LOCATION","","false","false","true","SEARCH_PRODUCT_BY_BRAND","sequential","SEARCH_PRODUCT_BY_BRAND > COMPARE_PRODUCTS","2","merchant_search > merchant_search"
"Show me dairy products and compare the prices.","PRODUCT","SEARCH","SEARCH_BY_CATEGORY","merchant_search","hybrid","","","","Dairy","","","CURRENT_LOCATION","","false","false","true","SEARCH_PRODUCT_BY_CATEGORY","sequential","SEARCH_PRODUCT_BY_CATEGORY > COMPARE_PRODUCTS","2","merchant_search > merchant_search"
"Find frozen foods, then identify the cheapest option.","PRODUCT","SEARCH","SEARCH_BY_CATEGORY","merchant_search","hybrid","","","","Frozen Food","","","CURRENT_LOCATION","","false","false","true","SEARCH_PRODUCT_BY_CATEGORY","sequential","SEARCH_PRODUCT_BY_CATEGORY > COMPARE_PRODUCTS","2","merchant_search > merchant_search"
"Search the breakfast cereals category and show me the best deal.","PRODUCT","SEARCH","SEARCH_BY_CATEGORY","merchant_search","hybrid","","","","Breakfast Cereal","","","CURRENT_LOCATION","","false","false","true","SEARCH_PRODUCT_BY_CATEGORY","sequential","SEARCH_PRODUCT_BY_CATEGORY > COMPARE_PRODUCTS","2","merchant_search > merchant_search"
"Browse soft drinks, then compare prices for the results.","PRODUCT","SEARCH","SEARCH_BY_CATEGORY","merchant_search","hybrid","","","","Soft Drinks","","","CURRENT_LOCATION","","false","false","true","SEARCH_PRODUCT_BY_CATEGORY","sequential","SEARCH_PRODUCT_BY_CATEGORY > COMPARE_PRODUCTS","2","merchant_search > merchant_search"
"Find cleaning products and suggest a cheaper suitable product.","PRODUCT","SEARCH","SEARCH_BY_CATEGORY","merchant_search","hybrid","","","","Cleaning Products","","","CURRENT_LOCATION","","false","false","true","SEARCH_PRODUCT_BY_CATEGORY","sequential","SEARCH_PRODUCT_BY_CATEGORY > COMPARE_PRODUCTS","2","merchant_search > merchant_search"
"Check whether oat milk is available and give me directions to the store.","PRODUCT","CHECK","CHECK_AVAILABILITY","merchant_search","hybrid","Oat Milk","","","","","","CURRENT_LOCATION","","false","false","false","CHECK_PRODUCT_AVAILABILITY","sequential","CHECK_PRODUCT_AVAILABILITY > GET_DIRECTIONS","2","merchant_search > maps_tool"
"See if frozen peas is in stock, then guide me to the seller.","PRODUCT","CHECK","CHECK_AVAILABILITY","merchant_search","hybrid","Frozen Peas","","","","","","CURRENT_LOCATION","","false","false","false","CHECK_PRODUCT_AVAILABILITY","sequential","CHECK_PRODUCT_AVAILABILITY > GET_DIRECTIONS","2","merchant_search > maps_tool"
"Confirm that chicken breast is available and show me how to get there.","PRODUCT","CHECK","CHECK_AVAILABILITY","merchant_search","hybrid","Chicken Breast","","","","","","CURRENT_LOCATION","","false","false","false","CHECK_PRODUCT_AVAILABILITY","sequential","CHECK_PRODUCT_AVAILABILITY > GET_DIRECTIONS","2","merchant_search > maps_tool"
"Check stock for orange juice, then open directions to the store.","PRODUCT","CHECK","CHECK_AVAILABILITY","merchant_search","hybrid","Orange Juice","","","","","","CURRENT_LOCATION","","false","false","false","CHECK_PRODUCT_AVAILABILITY","sequential","CHECK_PRODUCT_AVAILABILITY > GET_DIRECTIONS","2","merchant_search > maps_tool"
"Find out whether Greek yogurt is available and take me to the shop.","PRODUCT","CHECK","CHECK_AVAILABILITY","merchant_search","hybrid","Greek Yogurt","","","","","","CURRENT_LOCATION","","false","false","false","CHECK_PRODUCT_AVAILABILITY","sequential","CHECK_PRODUCT_AVAILABILITY > GET_DIRECTIONS","2","merchant_search > maps_tool"
"Find bananas, check whether it is in stock, and open the store on the map.","PRODUCT","SEARCH","SEARCH","merchant_search","hybrid","Bananas","","","","","","CURRENT_LOCATION","","false","false","false","SEARCH_PRODUCT","sequential","SEARCH_PRODUCT > CHECK_PRODUCT_AVAILABILITY > OPEN_GOOGLE_MAPS","3","merchant_search > merchant_search > maps_tool"
"Search for whole milk, confirm availability, then show me the seller's location.","PRODUCT","SEARCH","SEARCH","merchant_search","hybrid","Whole Milk","","","","","","CURRENT_LOCATION","","false","false","false","SEARCH_PRODUCT","sequential","SEARCH_PRODUCT > CHECK_PRODUCT_AVAILABILITY > OPEN_GOOGLE_MAPS","3","merchant_search > merchant_search > maps_tool"
"Look up spaghetti, check stock, and display the store in maps.","PRODUCT","SEARCH","SEARCH","merchant_search","hybrid","Spaghetti","","","","","","CURRENT_LOCATION","","false","false","false","SEARCH_PRODUCT","sequential","SEARCH_PRODUCT > CHECK_PRODUCT_AVAILABILITY > OPEN_GOOGLE_MAPS","3","merchant_search > merchant_search > maps_tool"
"Find black tea, make sure it is available, then open the shop on the map.","PRODUCT","SEARCH","SEARCH","merchant_search","hybrid","Black Tea","","","","","","CURRENT_LOCATION","","false","false","false","SEARCH_PRODUCT","sequential","SEARCH_PRODUCT > CHECK_PRODUCT_AVAILABILITY > OPEN_GOOGLE_MAPS","3","merchant_search > merchant_search > maps_tool"
"Search for tomato sauce, verify that I can buy it, and show me where.","PRODUCT","SEARCH","SEARCH","merchant_search","hybrid","Tomato Sauce","","","","","","CURRENT_LOCATION","","false","false","false","SEARCH_PRODUCT","sequential","SEARCH_PRODUCT > CHECK_PRODUCT_AVAILABILITY > OPEN_GOOGLE_MAPS","3","merchant_search > merchant_search > maps_tool"
"Find the nearest REWE and open its store details.","MERCHANT","SEARCH","NEARBY","merchant_api","hybrid","","REWE","","","","","CURRENT_LOCATION","1500","false","false","false","SEARCH_NEARBY_MERCHANTS","sequential","SEARCH_NEARBY_MERCHANTS > SHOW_MERCHANT_DETAILS","2","merchant_api > merchant_api"
"Show me the closest Lidl, then display the store page.","MERCHANT","SEARCH","NEARBY","merchant_api","hybrid","","Lidl","","","","","CURRENT_LOCATION","1500","false","false","false","SEARCH_NEARBY_MERCHANTS","sequential","SEARCH_NEARBY_MERCHANTS > SHOW_MERCHANT_DETAILS","2","merchant_api > merchant_api"
"Locate a nearby Aldi and tell me more about it.","MERCHANT","SEARCH","NEARBY","merchant_api","hybrid","","Aldi","","","","","CURRENT_LOCATION","1500","false","false","false","SEARCH_NEARBY_MERCHANTS","sequential","SEARCH_NEARBY_MERCHANTS > SHOW_MERCHANT_DETAILS","2","merchant_api > merchant_api"
"Find the closest EDEKA and show its merchant profile.","MERCHANT","SEARCH","NEARBY","merchant_api","hybrid","","EDEKA","","","","","CURRENT_LOCATION","1500","false","false","false","SEARCH_NEARBY_MERCHANTS","sequential","SEARCH_NEARBY_MERCHANTS > SHOW_MERCHANT_DETAILS","2","merchant_api > merchant_api"
"Search for a Kaufland near me, then open its details.","MERCHANT","SEARCH","NEARBY","merchant_api","hybrid","","Kaufland","","","","","CURRENT_LOCATION","1500","false","false","false","SEARCH_NEARBY_MERCHANTS","sequential","SEARCH_NEARBY_MERCHANTS > SHOW_MERCHANT_DETAILS","2","merchant_api > merchant_api"
"Which Penny is nearest? Show me the store information.","MERCHANT","SEARCH","NEARBY","merchant_api","hybrid","","Penny","","","","","CURRENT_LOCATION","1500","false","false","false","SEARCH_NEARBY_MERCHANTS","sequential","SEARCH_NEARBY_MERCHANTS > SHOW_MERCHANT_DETAILS","2","merchant_api > merchant_api"
"Find a nearby Netto and display its basic details.","MERCHANT","SEARCH","NEARBY","merchant_api","hybrid","","Netto","","","","","CURRENT_LOCATION","1500","false","false","false","SEARCH_NEARBY_MERCHANTS","sequential","SEARCH_NEARBY_MERCHANTS > SHOW_MERCHANT_DETAILS","2","merchant_api > merchant_api"
"Locate the closest dm, then show the store profile.","MERCHANT","SEARCH","NEARBY","merchant_api","hybrid","","dm","","","","","CURRENT_LOCATION","1500","false","false","false","SEARCH_NEARBY_MERCHANTS","sequential","SEARCH_NEARBY_MERCHANTS > SHOW_MERCHANT_DETAILS","2","merchant_api > merchant_api"
"Find the nearest Aldi and show today's opening hours.","MERCHANT","SEARCH","NEARBY","merchant_api","hybrid","","Aldi","","","","","CURRENT_LOCATION","1500","false","false","false","SEARCH_NEARBY_MERCHANTS","sequential","SEARCH_NEARBY_MERCHANTS > SHOW_MERCHANT_OPENING_HOURS","2","merchant_api > merchant_api"
"Locate a nearby EDEKA, then tell me when it closes.","MERCHANT","SEARCH","NEARBY","merchant_api","hybrid","","EDEKA","","","","","CURRENT_LOCATION","1500","false","false","false","SEARCH_NEARBY_MERCHANTS","sequential","SEARCH_NEARBY_MERCHANTS > SHOW_MERCHANT_OPENING_HOURS","2","merchant_api > merchant_api"
"Show me the closest Kaufland and check whether it is open now.","MERCHANT","SEARCH","NEARBY","merchant_api","hybrid","","Kaufland","","","","","CURRENT_LOCATION","1500","false","false","false","SEARCH_NEARBY_MERCHANTS","sequential","SEARCH_NEARBY_MERCHANTS > SHOW_MERCHANT_OPENING_HOURS","2","merchant_api > merchant_api"
"Find a Penny near me and display its business hours.","MERCHANT","SEARCH","NEARBY","merchant_api","hybrid","","Penny","","","","","CURRENT_LOCATION","1500","false","false","false","SEARCH_NEARBY_MERCHANTS","sequential","SEARCH_NEARBY_MERCHANTS > SHOW_MERCHANT_OPENING_HOURS","2","merchant_api > merchant_api"
"Which Netto is nearest? Show its opening times.","MERCHANT","SEARCH","NEARBY","merchant_api","hybrid","","Netto","","","","","CURRENT_LOCATION","1500","false","false","false","SEARCH_NEARBY_MERCHANTS","sequential","SEARCH_NEARBY_MERCHANTS > SHOW_MERCHANT_OPENING_HOURS","2","merchant_api > merchant_api"
"Locate the closest dm, then tell me when it opens.","MERCHANT","SEARCH","NEARBY","merchant_api","hybrid","","dm","","","","","CURRENT_LOCATION","1500","false","false","false","SEARCH_NEARBY_MERCHANTS","sequential","SEARCH_NEARBY_MERCHANTS > SHOW_MERCHANT_OPENING_HOURS","2","merchant_api > merchant_api"
"Find a nearby Rossmann and show its weekend hours.","MERCHANT","SEARCH","NEARBY","merchant_api","hybrid","","Rossmann","","","","","CURRENT_LOCATION","1500","false","false","false","SEARCH_NEARBY_MERCHANTS","sequential","SEARCH_NEARBY_MERCHANTS > SHOW_MERCHANT_OPENING_HOURS","2","merchant_api > merchant_api"
"Show the nearest Globus, then check today's closing time.","MERCHANT","SEARCH","NEARBY","merchant_api","hybrid","","Globus","","","","","CURRENT_LOCATION","1500","false","false","false","SEARCH_NEARBY_MERCHANTS","sequential","SEARCH_NEARBY_MERCHANTS > SHOW_MERCHANT_OPENING_HOURS","2","merchant_api > merchant_api"
"Find the nearest REWE and route me there.","MERCHANT","SEARCH","NEARBY","merchant_api","hybrid","","REWE","","","","","CURRENT_LOCATION","1500","false","false","false","SEARCH_NEARBY_MERCHANTS","sequential","SEARCH_NEARBY_MERCHANTS > ROUTE_TO_MERCHANT","2","merchant_api > maps_tool"
"Locate the closest Lidl, then start navigation.","MERCHANT","SEARCH","NEARBY","merchant_api","hybrid","","Lidl","","","","","CURRENT_LOCATION","1500","false","false","false","SEARCH_NEARBY_MERCHANTS","sequential","SEARCH_NEARBY_MERCHANTS > ROUTE_TO_MERCHANT","2","merchant_api > maps_tool"
"Show me a nearby Aldi and take me to it.","MERCHANT","SEARCH","NEARBY","merchant_api","hybrid","","Aldi","","","","","CURRENT_LOCATION","1500","false","false","false","SEARCH_NEARBY_MERCHANTS","sequential","SEARCH_NEARBY_MERCHANTS > ROUTE_TO_MERCHANT","2","merchant_api > maps_tool"
"Find the closest EDEKA and plan the route.","MERCHANT","SEARCH","NEARBY","merchant_api","hybrid","","EDEKA","","","","","CURRENT_LOCATION","1500","false","false","false","SEARCH_NEARBY_MERCHANTS","sequential","SEARCH_NEARBY_MERCHANTS > ROUTE_TO_MERCHANT","2","merchant_api > maps_tool"
"Search for a Kaufland near me, then guide me there.","MERCHANT","SEARCH","NEARBY","merchant_api","hybrid","","Kaufland","","","","","CURRENT_LOCATION","1500","false","false","false","SEARCH_NEARBY_MERCHANTS","sequential","SEARCH_NEARBY_MERCHANTS > ROUTE_TO_MERCHANT","2","merchant_api > maps_tool"
"Which Penny is nearest? Start the trip to that store.","MERCHANT","SEARCH","NEARBY","merchant_api","hybrid","","Penny","","","","","CURRENT_LOCATION","1500","false","false","false","SEARCH_NEARBY_MERCHANTS","sequential","SEARCH_NEARBY_MERCHANTS > ROUTE_TO_MERCHANT","2","merchant_api > maps_tool"
"Locate a nearby Netto and open navigation.","MERCHANT","SEARCH","NEARBY","merchant_api","hybrid","","Netto","","","","","CURRENT_LOCATION","1500","false","false","false","SEARCH_NEARBY_MERCHANTS","sequential","SEARCH_NEARBY_MERCHANTS > ROUTE_TO_MERCHANT","2","merchant_api > maps_tool"
"Find the nearest dm, then create a route to it.","MERCHANT","SEARCH","NEARBY","merchant_api","hybrid","","dm","","","","","CURRENT_LOCATION","1500","false","false","false","SEARCH_NEARBY_MERCHANTS","sequential","SEARCH_NEARBY_MERCHANTS > ROUTE_TO_MERCHANT","2","merchant_api > maps_tool"
"Find REWE, open its store details, and show the phone number.","MERCHANT","SEARCH","SEARCH","merchant_api","hybrid","","REWE","","","","","","","false","false","false","SEARCH_MERCHANT","sequential","SEARCH_MERCHANT > SHOW_MERCHANT_DETAILS > SHOW_MERCHANT_CONTACT","3","merchant_api > merchant_api > merchant_api"
"Search for Lidl, display the store page, then give me the contact details.","MERCHANT","SEARCH","SEARCH","merchant_api","hybrid","","Lidl","","","","","","","false","false","false","SEARCH_MERCHANT","sequential","SEARCH_MERCHANT > SHOW_MERCHANT_DETAILS > SHOW_MERCHANT_CONTACT","3","merchant_api > merchant_api > merchant_api"
"Show me Aldi, tell me about the store, and provide its phone number.","MERCHANT","SEARCH","SEARCH","merchant_api","hybrid","","Aldi","","","","","","","false","false","false","SEARCH_MERCHANT","sequential","SEARCH_MERCHANT > SHOW_MERCHANT_DETAILS > SHOW_MERCHANT_CONTACT","3","merchant_api > merchant_api > merchant_api"
"Find EDEKA, open the merchant profile, then show how to contact it.","MERCHANT","SEARCH","SEARCH","merchant_api","hybrid","","EDEKA","","","","","","","false","false","false","SEARCH_MERCHANT","sequential","SEARCH_MERCHANT > SHOW_MERCHANT_DETAILS > SHOW_MERCHANT_CONTACT","3","merchant_api > merchant_api > merchant_api"
"Search for Kaufland, display its details, and give me the email address.","MERCHANT","SEARCH","SEARCH","merchant_api","hybrid","","Kaufland","","","","","","","false","false","false","SEARCH_MERCHANT","sequential","SEARCH_MERCHANT > SHOW_MERCHANT_DETAILS > SHOW_MERCHANT_CONTACT","3","merchant_api > merchant_api > merchant_api"
"Find Penny, show the store information, then display its contact data.","MERCHANT","SEARCH","SEARCH","merchant_api","hybrid","","Penny","","","","","","","false","false","false","SEARCH_MERCHANT","sequential","SEARCH_MERCHANT > SHOW_MERCHANT_DETAILS > SHOW_MERCHANT_CONTACT","3","merchant_api > merchant_api > merchant_api"
"Show me Kaufland's store details, opening hours, and contact information.","MERCHANT","SHOW","DETAILS","merchant_api","hybrid","","Kaufland","","","","","","","false","false","false","SHOW_MERCHANT_DETAILS","sequential","SHOW_MERCHANT_DETAILS > SHOW_MERCHANT_OPENING_HOURS > SHOW_MERCHANT_CONTACT","3","merchant_api > merchant_api > merchant_api"
"Open the Penny store page, then show its hours and phone number.","MERCHANT","SHOW","DETAILS","merchant_api","hybrid","","Penny","","","","","","","false","false","false","SHOW_MERCHANT_DETAILS","sequential","SHOW_MERCHANT_DETAILS > SHOW_MERCHANT_OPENING_HOURS > SHOW_MERCHANT_CONTACT","3","merchant_api > merchant_api > merchant_api"
"Display details for Netto, check when it is open, and give me the contact data.","MERCHANT","SHOW","DETAILS","merchant_api","hybrid","","Netto","","","","","","","false","false","false","SHOW_MERCHANT_DETAILS","sequential","SHOW_MERCHANT_DETAILS > SHOW_MERCHANT_OPENING_HOURS > SHOW_MERCHANT_CONTACT","3","merchant_api > merchant_api > merchant_api"
"Tell me about dm, then show today's hours and how to reach the store.","MERCHANT","SHOW","DETAILS","merchant_api","hybrid","","dm","","","","","","","false","false","false","SHOW_MERCHANT_DETAILS","sequential","SHOW_MERCHANT_DETAILS > SHOW_MERCHANT_OPENING_HOURS > SHOW_MERCHANT_CONTACT","3","merchant_api > merchant_api > merchant_api"
"Open Rossmann's merchant profile, display its opening times, and show the email address.","MERCHANT","SHOW","DETAILS","merchant_api","hybrid","","Rossmann","","","","","","","false","false","false","SHOW_MERCHANT_DETAILS","sequential","SHOW_MERCHANT_DETAILS > SHOW_MERCHANT_OPENING_HOURS > SHOW_MERCHANT_CONTACT","3","merchant_api > merchant_api > merchant_api"
"Show the details for Globus, then its business hours and telephone number.","MERCHANT","SHOW","DETAILS","merchant_api","hybrid","","Globus","","","","","","","false","false","false","SHOW_MERCHANT_DETAILS","sequential","SHOW_MERCHANT_DETAILS > SHOW_MERCHANT_OPENING_HOURS > SHOW_MERCHANT_CONTACT","3","merchant_api > merchant_api > merchant_api"
"Show REWE's opening hours and contact details.","MERCHANT","SHOW","OPENING_HOURS","merchant_api","hybrid","","REWE","","","","","","","false","false","false","SHOW_MERCHANT_OPENING_HOURS","parallel","SHOW_MERCHANT_OPENING_HOURS > SHOW_MERCHANT_CONTACT","2","merchant_api > merchant_api"
"Tell me when Lidl is open and give me its phone number.","MERCHANT","SHOW","OPENING_HOURS","merchant_api","hybrid","","Lidl","","","","","","","false","false","false","SHOW_MERCHANT_OPENING_HOURS","parallel","SHOW_MERCHANT_OPENING_HOURS > SHOW_MERCHANT_CONTACT","2","merchant_api > merchant_api"
"Display Aldi's business hours and email address.","MERCHANT","SHOW","OPENING_HOURS","merchant_api","hybrid","","Aldi","","","","","","","false","false","false","SHOW_MERCHANT_OPENING_HOURS","parallel","SHOW_MERCHANT_OPENING_HOURS > SHOW_MERCHANT_CONTACT","2","merchant_api > merchant_api"
"Check today's hours for EDEKA and show how to contact the store.","MERCHANT","SHOW","OPENING_HOURS","merchant_api","hybrid","","EDEKA","","","","","","","false","false","false","SHOW_MERCHANT_OPENING_HOURS","parallel","SHOW_MERCHANT_OPENING_HOURS > SHOW_MERCHANT_CONTACT","2","merchant_api > merchant_api"
"Show when Kaufland closes and provide the contact information.","MERCHANT","SHOW","OPENING_HOURS","merchant_api","hybrid","","Kaufland","","","","","","","false","false","false","SHOW_MERCHANT_OPENING_HOURS","parallel","SHOW_MERCHANT_OPENING_HOURS > SHOW_MERCHANT_CONTACT","2","merchant_api > merchant_api"
"Show me Penny's store details and open it on the map.","MERCHANT","SHOW","DETAILS","merchant_api","hybrid","","Penny","","","","","CURRENT_LOCATION","","false","false","false","SHOW_MERCHANT_DETAILS","sequential","SHOW_MERCHANT_DETAILS > OPEN_GOOGLE_MAPS","2","merchant_api > maps_tool"
"Display information about Netto, then show its location.","MERCHANT","SHOW","DETAILS","merchant_api","hybrid","","Netto","","","","","CURRENT_LOCATION","","false","false","false","SHOW_MERCHANT_DETAILS","sequential","SHOW_MERCHANT_DETAILS > OPEN_GOOGLE_MAPS","2","merchant_api > maps_tool"
"Open the dm store profile and display the shop in maps.","MERCHANT","SHOW","DETAILS","merchant_api","hybrid","","dm","","","","","CURRENT_LOCATION","","false","false","false","SHOW_MERCHANT_DETAILS","sequential","SHOW_MERCHANT_DETAILS > OPEN_GOOGLE_MAPS","2","merchant_api > maps_tool"
"Tell me about Rossmann, then open the store location on the map.","MERCHANT","SHOW","DETAILS","merchant_api","hybrid","","Rossmann","","","","","CURRENT_LOCATION","","false","false","false","SHOW_MERCHANT_DETAILS","sequential","SHOW_MERCHANT_DETAILS > OPEN_GOOGLE_MAPS","2","merchant_api > maps_tool"
"Show the details for Globus and display its map pin.","MERCHANT","SHOW","DETAILS","merchant_api","hybrid","","Globus","","","","","CURRENT_LOCATION","","false","false","false","SHOW_MERCHANT_DETAILS","sequential","SHOW_MERCHANT_DETAILS > OPEN_GOOGLE_MAPS","2","merchant_api > maps_tool"
"Find Lidl, open its store details, and show it on the map.","MERCHANT","SEARCH","SEARCH","merchant_api","hybrid","","Lidl","","","","","CURRENT_LOCATION","","false","false","false","SEARCH_MERCHANT","sequential","SEARCH_MERCHANT > SHOW_MERCHANT_DETAILS > OPEN_GOOGLE_MAPS","3","merchant_api > merchant_api > maps_tool"
"Search for Aldi, display the merchant page, then open the location.","MERCHANT","SEARCH","SEARCH","merchant_api","hybrid","","Aldi","","","","","CURRENT_LOCATION","","false","false","false","SEARCH_MERCHANT","sequential","SEARCH_MERCHANT > SHOW_MERCHANT_DETAILS > OPEN_GOOGLE_MAPS","3","merchant_api > merchant_api > maps_tool"
"Show me EDEKA, tell me about the store, and display it in maps.","MERCHANT","SEARCH","SEARCH","merchant_api","hybrid","","EDEKA","","","","","CURRENT_LOCATION","","false","false","false","SEARCH_MERCHANT","sequential","SEARCH_MERCHANT > SHOW_MERCHANT_DETAILS > OPEN_GOOGLE_MAPS","3","merchant_api > merchant_api > maps_tool"
"Find Kaufland, open its profile, then show me where it is.","MERCHANT","SEARCH","SEARCH","merchant_api","hybrid","","Kaufland","","","","","CURRENT_LOCATION","","false","false","false","SEARCH_MERCHANT","sequential","SEARCH_MERCHANT > SHOW_MERCHANT_DETAILS > OPEN_GOOGLE_MAPS","3","merchant_api > merchant_api > maps_tool"
"Navigate me to REWE and show today's opening hours.","NAVIGATION","ROUTE","ROUTE","maps_tool","navigation","","REWE","","","","","CURRENT_LOCATION","","false","false","false","ROUTE_TO_MERCHANT","sequential","ROUTE_TO_MERCHANT > SHOW_MERCHANT_OPENING_HOURS","2","maps_tool > merchant_api"
"Start a route to Lidl, then tell me when it closes.","NAVIGATION","ROUTE","ROUTE","maps_tool","navigation","","Lidl","","","","","CURRENT_LOCATION","","false","false","false","ROUTE_TO_MERCHANT","sequential","ROUTE_TO_MERCHANT > SHOW_MERCHANT_OPENING_HOURS","2","maps_tool > merchant_api"
"Take me to Aldi and check whether the store is open.","NAVIGATION","ROUTE","ROUTE","maps_tool","navigation","","Aldi","","","","","CURRENT_LOCATION","","false","false","false","ROUTE_TO_MERCHANT","sequential","ROUTE_TO_MERCHANT > SHOW_MERCHANT_OPENING_HOURS","2","maps_tool > merchant_api"
"Plan the trip to EDEKA, then display its business hours.","NAVIGATION","ROUTE","ROUTE","maps_tool","navigation","","EDEKA","","","","","CURRENT_LOCATION","","false","false","false","ROUTE_TO_MERCHANT","sequential","ROUTE_TO_MERCHANT > SHOW_MERCHANT_OPENING_HOURS","2","maps_tool > merchant_api"
"Route me to Kaufland and show the opening times.","NAVIGATION","ROUTE","ROUTE","maps_tool","navigation","","Kaufland","","","","","CURRENT_LOCATION","","false","false","false","ROUTE_TO_MERCHANT","sequential","ROUTE_TO_MERCHANT > SHOW_MERCHANT_OPENING_HOURS","2","maps_tool > merchant_api"
"Start navigation to Penny, then tell me when it opens.","NAVIGATION","ROUTE","ROUTE","maps_tool","navigation","","Penny","","","","","CURRENT_LOCATION","","false","false","false","ROUTE_TO_MERCHANT","sequential","ROUTE_TO_MERCHANT > SHOW_MERCHANT_OPENING_HOURS","2","maps_tool > merchant_api"
"Guide me to Netto and display the weekend hours.","NAVIGATION","ROUTE","ROUTE","maps_tool","navigation","","Netto","","","","","CURRENT_LOCATION","","false","false","false","ROUTE_TO_MERCHANT","sequential","ROUTE_TO_MERCHANT > SHOW_MERCHANT_OPENING_HOURS","2","maps_tool > merchant_api"
"Create a route to dm, then show today's closing time.","NAVIGATION","ROUTE","ROUTE","maps_tool","navigation","","dm","","","","","CURRENT_LOCATION","","false","false","false","ROUTE_TO_MERCHANT","sequential","ROUTE_TO_MERCHANT > SHOW_MERCHANT_OPENING_HOURS","2","maps_tool > merchant_api"
"Take me to Rossmann and check its opening hours.","NAVIGATION","ROUTE","ROUTE","maps_tool","navigation","","Rossmann","","","","","CURRENT_LOCATION","","false","false","false","ROUTE_TO_MERCHANT","sequential","ROUTE_TO_MERCHANT > SHOW_MERCHANT_OPENING_HOURS","2","maps_tool > merchant_api"
"Navigate to Globus, then display when the store is open.","NAVIGATION","ROUTE","ROUTE","maps_tool","navigation","","Globus","","","","","CURRENT_LOCATION","","false","false","false","ROUTE_TO_MERCHANT","sequential","ROUTE_TO_MERCHANT > SHOW_MERCHANT_OPENING_HOURS","2","maps_tool > merchant_api"
"Give me directions to REWE and show the store details.","NAVIGATION","ROUTE","DIRECTIONS","maps_tool","navigation","","REWE","","","","","CURRENT_LOCATION","","false","false","false","GET_DIRECTIONS","sequential","GET_DIRECTIONS > SHOW_MERCHANT_DETAILS","2","maps_tool > merchant_api"
"Tell me how to get to Lidl, then open its store page.","NAVIGATION","ROUTE","DIRECTIONS","maps_tool","navigation","","Lidl","","","","","CURRENT_LOCATION","","false","false","false","GET_DIRECTIONS","sequential","GET_DIRECTIONS > SHOW_MERCHANT_DETAILS","2","maps_tool > merchant_api"
"Show me the way to Aldi and tell me more about the store.","NAVIGATION","ROUTE","DIRECTIONS","maps_tool","navigation","","Aldi","","","","","CURRENT_LOCATION","","false","false","false","GET_DIRECTIONS","sequential","GET_DIRECTIONS > SHOW_MERCHANT_DETAILS","2","maps_tool > merchant_api"
"Give me turn-by-turn directions to EDEKA, then display its profile.","NAVIGATION","ROUTE","DIRECTIONS","maps_tool","navigation","","EDEKA","","","","","CURRENT_LOCATION","","false","false","false","GET_DIRECTIONS","sequential","GET_DIRECTIONS > SHOW_MERCHANT_DETAILS","2","maps_tool > merchant_api"
"Explain how to reach Kaufland and show the merchant information.","NAVIGATION","ROUTE","DIRECTIONS","maps_tool","navigation","","Kaufland","","","","","CURRENT_LOCATION","","false","false","false","GET_DIRECTIONS","sequential","GET_DIRECTIONS > SHOW_MERCHANT_DETAILS","2","maps_tool > merchant_api"
"Show driving directions to Penny, then open the store details.","NAVIGATION","ROUTE","DIRECTIONS","maps_tool","navigation","","Penny","","","","","CURRENT_LOCATION","","false","false","false","GET_DIRECTIONS","sequential","GET_DIRECTIONS > SHOW_MERCHANT_DETAILS","2","maps_tool > merchant_api"
"Give me walking directions to Netto and display its basic information.","NAVIGATION","ROUTE","DIRECTIONS","maps_tool","navigation","","Netto","","","","","CURRENT_LOCATION","","false","false","false","GET_DIRECTIONS","sequential","GET_DIRECTIONS > SHOW_MERCHANT_DETAILS","2","maps_tool > merchant_api"
"Tell me the route to dm, then show the store page.","NAVIGATION","ROUTE","DIRECTIONS","maps_tool","navigation","","dm","","","","","CURRENT_LOCATION","","false","false","false","GET_DIRECTIONS","sequential","GET_DIRECTIONS > SHOW_MERCHANT_DETAILS","2","maps_tool > merchant_api"
"Open Lidl on the map and show its phone number.","NAVIGATION","ROUTE","OPEN_MAP","maps_tool","navigation","","Lidl","","","","","CURRENT_LOCATION","","false","false","false","OPEN_GOOGLE_MAPS","parallel","OPEN_GOOGLE_MAPS > SHOW_MERCHANT_CONTACT","2","maps_tool > merchant_api"
"Display Aldi's location and give me the contact details.","NAVIGATION","ROUTE","OPEN_MAP","maps_tool","navigation","","Aldi","","","","","CURRENT_LOCATION","","false","false","false","OPEN_GOOGLE_MAPS","parallel","OPEN_GOOGLE_MAPS > SHOW_MERCHANT_CONTACT","2","maps_tool > merchant_api"
"Show EDEKA in maps and provide the store's email address.","NAVIGATION","ROUTE","OPEN_MAP","maps_tool","navigation","","EDEKA","","","","","CURRENT_LOCATION","","false","false","false","OPEN_GOOGLE_MAPS","parallel","OPEN_GOOGLE_MAPS > SHOW_MERCHANT_CONTACT","2","maps_tool > merchant_api"
"Open the map for Kaufland and tell me how to contact it.","NAVIGATION","ROUTE","OPEN_MAP","maps_tool","navigation","","Kaufland","","","","","CURRENT_LOCATION","","false","false","false","OPEN_GOOGLE_MAPS","parallel","OPEN_GOOGLE_MAPS > SHOW_MERCHANT_CONTACT","2","maps_tool > merchant_api"
"Display Penny's map pin and show the telephone number.","NAVIGATION","ROUTE","OPEN_MAP","maps_tool","navigation","","Penny","","","","","CURRENT_LOCATION","","false","false","false","OPEN_GOOGLE_MAPS","parallel","OPEN_GOOGLE_MAPS > SHOW_MERCHANT_CONTACT","2","maps_tool > merchant_api"
"Show the Netto location and its contact information.","NAVIGATION","ROUTE","OPEN_MAP","maps_tool","navigation","","Netto","","","","","CURRENT_LOCATION","","false","false","false","OPEN_GOOGLE_MAPS","parallel","OPEN_GOOGLE_MAPS > SHOW_MERCHANT_CONTACT","2","maps_tool > merchant_api"
"Open dm in maps and give me the customer service number.","NAVIGATION","ROUTE","OPEN_MAP","maps_tool","navigation","","dm","","","","","CURRENT_LOCATION","","false","false","false","OPEN_GOOGLE_MAPS","parallel","OPEN_GOOGLE_MAPS > SHOW_MERCHANT_CONTACT","2","maps_tool > merchant_api"
"Take me to REWE and check whether oat milk is available there.","NAVIGATION","ROUTE","ROUTE","maps_tool","navigation","Oat Milk","REWE","","","","","CURRENT_LOCATION","","false","false","false","ROUTE_TO_MERCHANT","sequential","ROUTE_TO_MERCHANT > CHECK_PRODUCT_AVAILABILITY","2","maps_tool > merchant_search"
"Navigate to Lidl, then see if frozen pizza is in stock.","NAVIGATION","ROUTE","ROUTE","maps_tool","navigation","Frozen Pizza","Lidl","","","","","CURRENT_LOCATION","","false","false","false","ROUTE_TO_MERCHANT","sequential","ROUTE_TO_MERCHANT > CHECK_PRODUCT_AVAILABILITY","2","maps_tool > merchant_search"
"Route me to Aldi and confirm that it has whole milk.","NAVIGATION","ROUTE","ROUTE","maps_tool","navigation","Whole Milk","Aldi","","","","","CURRENT_LOCATION","","false","false","false","ROUTE_TO_MERCHANT","sequential","ROUTE_TO_MERCHANT > CHECK_PRODUCT_AVAILABILITY","2","maps_tool > merchant_search"
"Start navigation to EDEKA, then check availability for eggs.","NAVIGATION","ROUTE","ROUTE","maps_tool","navigation","Eggs","EDEKA","","","","","CURRENT_LOCATION","","false","false","false","ROUTE_TO_MERCHANT","sequential","ROUTE_TO_MERCHANT > CHECK_PRODUCT_AVAILABILITY","2","maps_tool > merchant_search"
"Guide me to Kaufland and see whether I can buy olive oil there.","NAVIGATION","ROUTE","ROUTE","maps_tool","navigation","Olive Oil","Kaufland","","","","","CURRENT_LOCATION","","false","false","false","ROUTE_TO_MERCHANT","sequential","ROUTE_TO_MERCHANT > CHECK_PRODUCT_AVAILABILITY","2","maps_tool > merchant_search"
"Plan a route to Penny, then check stock for orange juice.","NAVIGATION","ROUTE","ROUTE","maps_tool","navigation","Orange Juice","Penny","","","","","CURRENT_LOCATION","","false","false","false","ROUTE_TO_MERCHANT","sequential","ROUTE_TO_MERCHANT > CHECK_PRODUCT_AVAILABILITY","2","maps_tool > merchant_search"
"Take me to Netto and verify that ground coffee is available.","NAVIGATION","ROUTE","ROUTE","maps_tool","navigation","Ground Coffee","Netto","","","","","CURRENT_LOCATION","","false","false","false","ROUTE_TO_MERCHANT","sequential","ROUTE_TO_MERCHANT > CHECK_PRODUCT_AVAILABILITY","2","maps_tool > merchant_search"
"Navigate me to Globus, then check if the store has chicken breast.","NAVIGATION","ROUTE","ROUTE","maps_tool","navigation","Chicken Breast","Globus","","","","","CURRENT_LOCATION","","false","false","false","ROUTE_TO_MERCHANT","sequential","ROUTE_TO_MERCHANT > CHECK_PRODUCT_AVAILABILITY","2","maps_tool > merchant_search"
"Give me directions to REWE, then show its opening hours and phone number.","NAVIGATION","ROUTE","DIRECTIONS","maps_tool","navigation","","REWE","","","","","CURRENT_LOCATION","","false","false","false","GET_DIRECTIONS","sequential","GET_DIRECTIONS > SHOW_MERCHANT_OPENING_HOURS > SHOW_MERCHANT_CONTACT","3","maps_tool > merchant_api > merchant_api"
"Tell me how to get to Lidl, then display today's hours and contact details.","NAVIGATION","ROUTE","DIRECTIONS","maps_tool","navigation","","Lidl","","","","","CURRENT_LOCATION","","false","false","false","GET_DIRECTIONS","sequential","GET_DIRECTIONS > SHOW_MERCHANT_OPENING_HOURS > SHOW_MERCHANT_CONTACT","3","maps_tool > merchant_api > merchant_api"
"Show me the way to Aldi, check when it closes, and give me the email address.","NAVIGATION","ROUTE","DIRECTIONS","maps_tool","navigation","","Aldi","","","","","CURRENT_LOCATION","","false","false","false","GET_DIRECTIONS","sequential","GET_DIRECTIONS > SHOW_MERCHANT_OPENING_HOURS > SHOW_MERCHANT_CONTACT","3","maps_tool > merchant_api > merchant_api"
"Give me driving directions to EDEKA, then show its business hours and telephone number.","NAVIGATION","ROUTE","DIRECTIONS","maps_tool","navigation","","EDEKA","","","","","CURRENT_LOCATION","","false","false","false","GET_DIRECTIONS","sequential","GET_DIRECTIONS > SHOW_MERCHANT_OPENING_HOURS > SHOW_MERCHANT_CONTACT","3","maps_tool > merchant_api > merchant_api"
"Explain how to reach Kaufland, then display the opening times and contact information.","NAVIGATION","ROUTE","DIRECTIONS","maps_tool","navigation","","Kaufland","","","","","CURRENT_LOCATION","","false","false","false","GET_DIRECTIONS","sequential","GET_DIRECTIONS > SHOW_MERCHANT_OPENING_HOURS > SHOW_MERCHANT_CONTACT","3","maps_tool > merchant_api > merchant_api"
"Show walking directions to Penny, then tell me when it is open and how to contact it.","NAVIGATION","ROUTE","DIRECTIONS","maps_tool","navigation","","Penny","","","","","CURRENT_LOCATION","","false","false","false","GET_DIRECTIONS","sequential","GET_DIRECTIONS > SHOW_MERCHANT_OPENING_HOURS > SHOW_MERCHANT_CONTACT","3","maps_tool > merchant_api > merchant_api"
"Open Kaufland on the map, then show the store details and opening hours.","NAVIGATION","ROUTE","OPEN_MAP","maps_tool","navigation","","Kaufland","","","","","CURRENT_LOCATION","","false","false","false","OPEN_GOOGLE_MAPS","sequential","OPEN_GOOGLE_MAPS > SHOW_MERCHANT_DETAILS > SHOW_MERCHANT_OPENING_HOURS","3","maps_tool > merchant_api > merchant_api"
"Display Penny's location, open its merchant page, and show when it closes.","NAVIGATION","ROUTE","OPEN_MAP","maps_tool","navigation","","Penny","","","","","CURRENT_LOCATION","","false","false","false","OPEN_GOOGLE_MAPS","sequential","OPEN_GOOGLE_MAPS > SHOW_MERCHANT_DETAILS > SHOW_MERCHANT_OPENING_HOURS","3","maps_tool > merchant_api > merchant_api"
"Show Netto in maps, then display the store information and today's hours.","NAVIGATION","ROUTE","OPEN_MAP","maps_tool","navigation","","Netto","","","","","CURRENT_LOCATION","","false","false","false","OPEN_GOOGLE_MAPS","sequential","OPEN_GOOGLE_MAPS > SHOW_MERCHANT_DETAILS > SHOW_MERCHANT_OPENING_HOURS","3","maps_tool > merchant_api > merchant_api"
"Open the map for dm, tell me about the store, and show its business hours.","NAVIGATION","ROUTE","OPEN_MAP","maps_tool","navigation","","dm","","","","","CURRENT_LOCATION","","false","false","false","OPEN_GOOGLE_MAPS","sequential","OPEN_GOOGLE_MAPS > SHOW_MERCHANT_DETAILS > SHOW_MERCHANT_OPENING_HOURS","3","maps_tool > merchant_api > merchant_api"
"Display Rossmann's map pin, then open its profile and check whether it is open.","NAVIGATION","ROUTE","OPEN_MAP","maps_tool","navigation","","Rossmann","","","","","CURRENT_LOCATION","","false","false","false","OPEN_GOOGLE_MAPS","sequential","OPEN_GOOGLE_MAPS > SHOW_MERCHANT_DETAILS > SHOW_MERCHANT_OPENING_HOURS","3","maps_tool > merchant_api > merchant_api"
"Show the Globus location, then display its details and opening times.","NAVIGATION","ROUTE","OPEN_MAP","maps_tool","navigation","","Globus","","","","","CURRENT_LOCATION","","false","false","false","OPEN_GOOGLE_MAPS","sequential","OPEN_GOOGLE_MAPS > SHOW_MERCHANT_DETAILS > SHOW_MERCHANT_OPENING_HOURS","3","maps_tool > merchant_api > merchant_api"
"Start a route to REWE and keep the store open on the map.","NAVIGATION","ROUTE","ROUTE","maps_tool","navigation","","REWE","","","","","CURRENT_LOCATION","","false","false","false","ROUTE_TO_MERCHANT","sequential","ROUTE_TO_MERCHANT > OPEN_GOOGLE_MAPS","2","maps_tool > maps_tool"
"Navigate me to Lidl, then display its map location.","NAVIGATION","ROUTE","ROUTE","maps_tool","navigation","","Lidl","","","","","CURRENT_LOCATION","","false","false","false","ROUTE_TO_MERCHANT","sequential","ROUTE_TO_MERCHANT > OPEN_GOOGLE_MAPS","2","maps_tool > maps_tool"
"Route me to Aldi and open the shop in maps.","NAVIGATION","ROUTE","ROUTE","maps_tool","navigation","","Aldi","","","","","CURRENT_LOCATION","","false","false","false","ROUTE_TO_MERCHANT","sequential","ROUTE_TO_MERCHANT > OPEN_GOOGLE_MAPS","2","maps_tool > maps_tool"
"Take me to EDEKA, then show the store pin on the map.","NAVIGATION","ROUTE","ROUTE","maps_tool","navigation","","EDEKA","","","","","CURRENT_LOCATION","","false","false","false","ROUTE_TO_MERCHANT","sequential","ROUTE_TO_MERCHANT > OPEN_GOOGLE_MAPS","2","maps_tool > maps_tool"
"Plan the trip to Kaufland and display the destination in maps.","NAVIGATION","ROUTE","ROUTE","maps_tool","navigation","","Kaufland","","","","","CURRENT_LOCATION","","false","false","false","ROUTE_TO_MERCHANT","sequential","ROUTE_TO_MERCHANT > OPEN_GOOGLE_MAPS","2","maps_tool > maps_tool"
"Show me my Payback card.","WALLET","SHOW","SHOW_CARD","wallet_api","functional","","","","LOYALTY_CARD","","","","","True","False","False","DISPLAY_CARD","single","DISPLAY_CARD","1","wallet_api"
"Display my Payback card.","WALLET","SHOW","SHOW_CARD","wallet_api","functional","","","","LOYALTY_CARD","","","","","True","False","False","DISPLAY_CARD","single","DISPLAY_CARD","1","wallet_api"
"Open my Payback card.","WALLET","SHOW","SHOW_CARD","wallet_api","functional","","","","LOYALTY_CARD","","","","","True","False","False","DISPLAY_CARD","single","DISPLAY_CARD","1","wallet_api"
"Can you show my Payback card?","WALLET","SHOW","SHOW_CARD","wallet_api","functional","","","","LOYALTY_CARD","","","","","True","False","False","DISPLAY_CARD","single","DISPLAY_CARD","1","wallet_api"
"Bring up my Payback card.","WALLET","SHOW","SHOW_CARD","wallet_api","functional","","","","LOYALTY_CARD","","","","","True","False","False","DISPLAY_CARD","single","DISPLAY_CARD","1","wallet_api"
"I want to see my Payback card.","WALLET","SHOW","SHOW_CARD","wallet_api","functional","","","","LOYALTY_CARD","","","","","True","False","False","DISPLAY_CARD","single","DISPLAY_CARD","1","wallet_api"
"Open the Payback card in my wallet.","WALLET","SHOW","SHOW_CARD","wallet_api","functional","","","","LOYALTY_CARD","","","","","True","False","False","DISPLAY_CARD","single","DISPLAY_CARD","1","wallet_api"
"Show my Payback loyalty card.","WALLET","SHOW","SHOW_CARD","wallet_api","functional","","","","LOYALTY_CARD","","","","","True","False","False","DISPLAY_CARD","single","DISPLAY_CARD","1","wallet_api"
"Display the Payback card I have saved.","WALLET","SHOW","SHOW_CARD","wallet_api","functional","","","","LOYALTY_CARD","","","","","True","False","False","DISPLAY_CARD","single","DISPLAY_CARD","1","wallet_api"
"Pull up my Payback card.","WALLET","SHOW","SHOW_CARD","wallet_api","functional","","","","LOYALTY_CARD","","","","","True","False","False","DISPLAY_CARD","single","DISPLAY_CARD","1","wallet_api"
"Where is my Payback card?","WALLET","SHOW","SHOW_CARD","wallet_api","functional","","","","LOYALTY_CARD","","","","","True","False","False","DISPLAY_CARD","single","DISPLAY_CARD","1","wallet_api"
"Can you open my Payback card?","WALLET","SHOW","SHOW_CARD","wallet_api","functional","","","","LOYALTY_CARD","","","","","True","False","False","DISPLAY_CARD","single","DISPLAY_CARD","1","wallet_api"
"I need my Payback card.","WALLET","SHOW","SHOW_CARD","wallet_api","functional","","","","LOYALTY_CARD","","","","","True","False","False","DISPLAY_CARD","single","DISPLAY_CARD","1","wallet_api"
"Show me the Payback card from my wallet.","WALLET","SHOW","SHOW_CARD","wallet_api","functional","","","","LOYALTY_CARD","","","","","True","False","False","DISPLAY_CARD","single","DISPLAY_CARD","1","wallet_api"
"Bring up my loyalty card.","WALLET","SHOW","SHOW_CARD","wallet_api","functional","","","","LOYALTY_CARD","","","","","True","False","False","DISPLAY_CARD","single","DISPLAY_CARD","1","wallet_api"
"Display my loyalty card.","WALLET","SHOW","SHOW_CARD","wallet_api","functional","","","","LOYALTY_CARD","","","","","True","False","False","DISPLAY_CARD","single","DISPLAY_CARD","1","wallet_api"
"Open my stored Payback card.","WALLET","SHOW","SHOW_CARD","wallet_api","functional","","","","LOYALTY_CARD","","","","","True","False","False","DISPLAY_CARD","single","DISPLAY_CARD","1","wallet_api"
"Let me see my Payback card.","WALLET","SHOW","SHOW_CARD","wallet_api","functional","","","","LOYALTY_CARD","","","","","True","False","False","DISPLAY_CARD","single","DISPLAY_CARD","1","wallet_api"
"Show the card I use for Payback.","WALLET","SHOW","SHOW_CARD","wallet_api","functional","","","","LOYALTY_CARD","","","","","True","False","False","DISPLAY_CARD","single","DISPLAY_CARD","1","wallet_api"
"Open the Payback card for me.","WALLET","SHOW","SHOW_CARD","wallet_api","functional","","","","LOYALTY_CARD","","","","","True","False","False","DISPLAY_CARD","single","DISPLAY_CARD","1","wallet_api"
"Show me the barcode for my Payback card.","WALLET","SHOW","SHOW_BARCODE","wallet_api","functional","","","","LOYALTY_CARD","","","","","True","False","False","DISPLAY_CARD_BARCODE","single","DISPLAY_CARD_BARCODE","1","wallet_api"
"Display my Payback barcode.","WALLET","SHOW","SHOW_BARCODE","wallet_api","functional","","","","LOYALTY_CARD","","","","","True","False","False","DISPLAY_CARD_BARCODE","single","DISPLAY_CARD_BARCODE","1","wallet_api"
"Open the Payback barcode.","WALLET","SHOW","SHOW_BARCODE","wallet_api","functional","","","","LOYALTY_CARD","","","","","True","False","False","DISPLAY_CARD_BARCODE","single","DISPLAY_CARD_BARCODE","1","wallet_api"
"I need to scan my Payback card.","WALLET","SHOW","SHOW_BARCODE","wallet_api","functional","","","","LOYALTY_CARD","","","","","True","False","False","DISPLAY_CARD_BARCODE","single","DISPLAY_CARD_BARCODE","1","wallet_api"
"Show the barcode I can scan at checkout.","WALLET","SHOW","SHOW_BARCODE","wallet_api","functional","","","","LOYALTY_CARD","","","","","True","False","False","DISPLAY_CARD_BARCODE","single","DISPLAY_CARD_BARCODE","1","wallet_api"
"Bring up my Payback QR code.","WALLET","SHOW","SHOW_BARCODE","wallet_api","functional","","","","LOYALTY_CARD","","","","","True","False","False","DISPLAY_CARD_BARCODE","single","DISPLAY_CARD_BARCODE","1","wallet_api"
"Display the QR code for my Payback card.","WALLET","SHOW","SHOW_BARCODE","wallet_api","functional","","","","LOYALTY_CARD","","","","","True","False","False","DISPLAY_CARD_BARCODE","single","DISPLAY_CARD_BARCODE","1","wallet_api"
"Can you show my loyalty barcode?","WALLET","SHOW","SHOW_BARCODE","wallet_api","functional","","","","LOYALTY_CARD","","","","","True","False","False","DISPLAY_CARD_BARCODE","single","DISPLAY_CARD_BARCODE","1","wallet_api"
"Open my Payback scanning code.","WALLET","SHOW","SHOW_BARCODE","wallet_api","functional","","","","LOYALTY_CARD","","","","","True","False","False","DISPLAY_CARD_BARCODE","single","DISPLAY_CARD_BARCODE","1","wallet_api"
"I need my Payback code for the cashier.","WALLET","SHOW","SHOW_BARCODE","wallet_api","functional","","","","LOYALTY_CARD","","","","","True","False","False","DISPLAY_CARD_BARCODE","single","DISPLAY_CARD_BARCODE","1","wallet_api"
"Show my Payback code.","WALLET","SHOW","SHOW_BARCODE","wallet_api","functional","","","","LOYALTY_CARD","","","","","True","False","False","DISPLAY_CARD_BARCODE","single","DISPLAY_CARD_BARCODE","1","wallet_api"
"Display the barcode on my loyalty card.","WALLET","SHOW","SHOW_BARCODE","wallet_api","functional","","","","LOYALTY_CARD","","","","","True","False","False","DISPLAY_CARD_BARCODE","single","DISPLAY_CARD_BARCODE","1","wallet_api"
"Give me the Payback QR code.","WALLET","SHOW","SHOW_BARCODE","wallet_api","functional","","","","LOYALTY_CARD","","","","","True","False","False","DISPLAY_CARD_BARCODE","single","DISPLAY_CARD_BARCODE","1","wallet_api"
"Bring up the code for my Payback card.","WALLET","SHOW","SHOW_BARCODE","wallet_api","functional","","","","LOYALTY_CARD","","","","","True","False","False","DISPLAY_CARD_BARCODE","single","DISPLAY_CARD_BARCODE","1","wallet_api"
"I want to scan my Payback card.","WALLET","SHOW","SHOW_BARCODE","wallet_api","functional","","","","LOYALTY_CARD","","","","","True","False","False","DISPLAY_CARD_BARCODE","single","DISPLAY_CARD_BARCODE","1","wallet_api"
"Open the barcode for my saved Payback card.","WALLET","SHOW","SHOW_BARCODE","wallet_api","functional","","","","LOYALTY_CARD","","","","","True","False","False","DISPLAY_CARD_BARCODE","single","DISPLAY_CARD_BARCODE","1","wallet_api"
"Show the scannable code for Payback.","WALLET","SHOW","SHOW_BARCODE","wallet_api","functional","","","","LOYALTY_CARD","","","","","True","False","False","DISPLAY_CARD_BARCODE","single","DISPLAY_CARD_BARCODE","1","wallet_api"
"Can you pull up my Payback barcode?","WALLET","SHOW","SHOW_BARCODE","wallet_api","functional","","","","LOYALTY_CARD","","","","","True","False","False","DISPLAY_CARD_BARCODE","single","DISPLAY_CARD_BARCODE","1","wallet_api"
"I am at checkout, show my Payback code.","WALLET","SHOW","SHOW_BARCODE","wallet_api","functional","","","","LOYALTY_CARD","","","","","True","False","False","DISPLAY_CARD_BARCODE","single","DISPLAY_CARD_BARCODE","1","wallet_api"
"Display my Payback card barcode now.","WALLET","SHOW","SHOW_BARCODE","wallet_api","functional","","","","LOYALTY_CARD","","","","","True","False","False","DISPLAY_CARD_BARCODE","single","DISPLAY_CARD_BARCODE","1","wallet_api"
"Show me all my loyalty cards.","WALLET","SHOW","LIST_CARDS","wallet_api","functional","","","","LOYALTY_CARD","","","","","True","False","False","LIST_WALLET_CARDS","single","LIST_WALLET_CARDS","1","wallet_api"
"What cards do I have in my wallet?","WALLET","SHOW","LIST_CARDS","wallet_api","functional","","","","LOYALTY_CARD","","","","","True","False","False","LIST_WALLET_CARDS","single","LIST_WALLET_CARDS","1","wallet_api"
"List my saved loyalty cards.","WALLET","SHOW","LIST_CARDS","wallet_api","functional","","","","LOYALTY_CARD","","","","","True","False","False","LIST_WALLET_CARDS","single","LIST_WALLET_CARDS","1","wallet_api"
"Show all the cards I have saved.","WALLET","SHOW","LIST_CARDS","wallet_api","functional","","","","LOYALTY_CARD","","","","","True","False","False","LIST_WALLET_CARDS","single","LIST_WALLET_CARDS","1","wallet_api"
"Which loyalty cards are in my wallet?","WALLET","SHOW","LIST_CARDS","wallet_api","functional","","","","LOYALTY_CARD","","","","","True","False","False","LIST_WALLET_CARDS","single","LIST_WALLET_CARDS","1","wallet_api"
"Open my wallet cards.","WALLET","SHOW","LIST_CARDS","wallet_api","functional","","","","LOYALTY_CARD","","","","","True","False","False","LIST_WALLET_CARDS","single","LIST_WALLET_CARDS","1","wallet_api"
"Display my stored loyalty cards.","WALLET","SHOW","LIST_CARDS","wallet_api","functional","","","","LOYALTY_CARD","","","","","True","False","False","LIST_WALLET_CARDS","single","LIST_WALLET_CARDS","1","wallet_api"
"What loyalty cards have I added?","WALLET","SHOW","LIST_CARDS","wallet_api","functional","","","","LOYALTY_CARD","","","","","True","False","False","LIST_WALLET_CARDS","single","LIST_WALLET_CARDS","1","wallet_api"
"Show my available loyalty cards.","WALLET","SHOW","LIST_CARDS","wallet_api","functional","","","","LOYALTY_CARD","","","","","True","False","False","LIST_WALLET_CARDS","single","LIST_WALLET_CARDS","1","wallet_api"
"Can I see all my saved cards?","WALLET","SHOW","LIST_CARDS","wallet_api","functional","","","","LOYALTY_CARD","","","","","True","False","False","LIST_WALLET_CARDS","single","LIST_WALLET_CARDS","1","wallet_api"
"Select my Payback card.","WALLET","SHOW","SELECT_CARD","wallet_api","functional","","","","LOYALTY_CARD","","","","","True","False","False","SELECT_WALLET_CARD","single","SELECT_WALLET_CARD","1","wallet_api"
"Make Payback my active loyalty card.","WALLET","SHOW","SELECT_CARD","wallet_api","functional","","","","LOYALTY_CARD","","","","","True","False","False","SELECT_WALLET_CARD","single","SELECT_WALLET_CARD","1","wallet_api"
"Choose my Payback card.","WALLET","SHOW","SELECT_CARD","wallet_api","functional","","","","LOYALTY_CARD","","","","","True","False","False","SELECT_WALLET_CARD","single","SELECT_WALLET_CARD","1","wallet_api"
"Use my Payback card.","WALLET","SHOW","SELECT_CARD","wallet_api","functional","","","","LOYALTY_CARD","","","","","True","False","False","SELECT_WALLET_CARD","single","SELECT_WALLET_CARD","1","wallet_api"
"Set Payback as the selected card.","WALLET","SHOW","SELECT_CARD","wallet_api","functional","","","","LOYALTY_CARD","","","","","True","False","False","SELECT_WALLET_CARD","single","SELECT_WALLET_CARD","1","wallet_api"
"Select Payback from my wallet.","WALLET","SHOW","SELECT_CARD","wallet_api","functional","","","","LOYALTY_CARD","","","","","True","False","False","SELECT_WALLET_CARD","single","SELECT_WALLET_CARD","1","wallet_api"
"Make my Payback card active.","WALLET","SHOW","SELECT_CARD","wallet_api","functional","","","","LOYALTY_CARD","","","","","True","False","False","SELECT_WALLET_CARD","single","SELECT_WALLET_CARD","1","wallet_api"
"Choose Payback for checkout.","WALLET","SHOW","SELECT_CARD","wallet_api","functional","","","","LOYALTY_CARD","","","","","True","False","False","SELECT_WALLET_CARD","single","SELECT_WALLET_CARD","1","wallet_api"
"Set my Payback card as the current card.","WALLET","SHOW","SELECT_CARD","wallet_api","functional","","","","LOYALTY_CARD","","","","","True","False","False","SELECT_WALLET_CARD","single","SELECT_WALLET_CARD","1","wallet_api"
"Use the Payback card from my wallet.","WALLET","SHOW","SELECT_CARD","wallet_api","functional","","","","LOYALTY_CARD","","","","","True","False","False","SELECT_WALLET_CARD","single","SELECT_WALLET_CARD","1","wallet_api"
"Add my Payback card to my wallet.","WALLET","MANAGE","ADD_CARD","wallet_api","functional","","","","LOYALTY_CARD","","","","","True","False","False","ADD_WALLET_CARD","single","ADD_WALLET_CARD","1","wallet_api"
"I want to add a Payback card.","WALLET","MANAGE","ADD_CARD","wallet_api","functional","","","","LOYALTY_CARD","","","","","True","False","False","ADD_WALLET_CARD","single","ADD_WALLET_CARD","1","wallet_api"
"Save my Payback card in the wallet.","WALLET","MANAGE","ADD_CARD","wallet_api","functional","","","","LOYALTY_CARD","","","","","True","False","False","ADD_WALLET_CARD","single","ADD_WALLET_CARD","1","wallet_api"
"Can I add my Payback loyalty card?","WALLET","MANAGE","ADD_CARD","wallet_api","functional","","","","LOYALTY_CARD","","","","","True","False","False","ADD_WALLET_CARD","single","ADD_WALLET_CARD","1","wallet_api"
"Add a new loyalty card to my wallet.","WALLET","MANAGE","ADD_CARD","wallet_api","functional","","","","LOYALTY_CARD","","","","","True","False","False","ADD_WALLET_CARD","single","ADD_WALLET_CARD","1","wallet_api"
"Store my Payback card in the app.","WALLET","MANAGE","ADD_CARD","wallet_api","functional","","","","LOYALTY_CARD","","","","","True","False","False","ADD_WALLET_CARD","single","ADD_WALLET_CARD","1","wallet_api"
"I need to add another loyalty card.","WALLET","MANAGE","ADD_CARD","wallet_api","functional","","","","LOYALTY_CARD","","","","","True","False","False","ADD_WALLET_CARD","single","ADD_WALLET_CARD","1","wallet_api"
"Add my loyalty card.","WALLET","MANAGE","ADD_CARD","wallet_api","functional","","","","LOYALTY_CARD","","","","","True","False","False","ADD_WALLET_CARD","single","ADD_WALLET_CARD","1","wallet_api"
"Save a new Payback card.","WALLET","MANAGE","ADD_CARD","wallet_api","functional","","","","LOYALTY_CARD","","","","","True","False","False","ADD_WALLET_CARD","single","ADD_WALLET_CARD","1","wallet_api"
"Put my Payback card into the wallet.","WALLET","MANAGE","ADD_CARD","wallet_api","functional","","","","LOYALTY_CARD","","","","","True","False","False","ADD_WALLET_CARD","single","ADD_WALLET_CARD","1","wallet_api"
"Remove my Payback card from the wallet.","WALLET","MANAGE","REMOVE_CARD","wallet_api","functional","","","","LOYALTY_CARD","","","","","True","False","False","REMOVE_WALLET_CARD","single","REMOVE_WALLET_CARD","1","wallet_api"
"Delete my Payback card.","WALLET","MANAGE","REMOVE_CARD","wallet_api","functional","","","","LOYALTY_CARD","","","","","True","False","False","REMOVE_WALLET_CARD","single","REMOVE_WALLET_CARD","1","wallet_api"
"Take my Payback card out of the wallet.","WALLET","MANAGE","REMOVE_CARD","wallet_api","functional","","","","LOYALTY_CARD","","","","","True","False","False","REMOVE_WALLET_CARD","single","REMOVE_WALLET_CARD","1","wallet_api"
"I don't want my Payback card saved anymore.","WALLET","MANAGE","REMOVE_CARD","wallet_api","functional","","","","LOYALTY_CARD","","","","","True","False","False","REMOVE_WALLET_CARD","single","REMOVE_WALLET_CARD","1","wallet_api"
"Remove the Payback loyalty card.","WALLET","MANAGE","REMOVE_CARD","wallet_api","functional","","","","LOYALTY_CARD","","","","","True","False","False","REMOVE_WALLET_CARD","single","REMOVE_WALLET_CARD","1","wallet_api"
"Delete the stored Payback card.","WALLET","MANAGE","REMOVE_CARD","wallet_api","functional","","","","LOYALTY_CARD","","","","","True","False","False","REMOVE_WALLET_CARD","single","REMOVE_WALLET_CARD","1","wallet_api"
"Can you remove a loyalty card?","WALLET","MANAGE","REMOVE_CARD","wallet_api","functional","","","","LOYALTY_CARD","","","","","True","False","False","REMOVE_WALLET_CARD","single","REMOVE_WALLET_CARD","1","wallet_api"
"Remove my saved Payback card.","WALLET","MANAGE","REMOVE_CARD","wallet_api","functional","","","","LOYALTY_CARD","","","","","True","False","False","REMOVE_WALLET_CARD","single","REMOVE_WALLET_CARD","1","wallet_api"
"I want to delete my Payback card from PayTo.","WALLET","MANAGE","REMOVE_CARD","wallet_api","functional","","","","LOYALTY_CARD","","","","","True","False","False","REMOVE_WALLET_CARD","single","REMOVE_WALLET_CARD","1","wallet_api"
"Get rid of my Payback card from the wallet.","WALLET","MANAGE","REMOVE_CARD","wallet_api","functional","","","","LOYALTY_CARD","","","","","True","False","False","REMOVE_WALLET_CARD","single","REMOVE_WALLET_CARD","1","wallet_api"
"Show me the details of my Payback card.","WALLET","CHECK","CARD_DETAILS","wallet_api","functional","","","","LOYALTY_CARD","","","","","True","False","False","SHOW_CARD_DETAILS","single","SHOW_CARD_DETAILS","1","wallet_api"
"What details do you have for my Payback card?","WALLET","CHECK","CARD_DETAILS","wallet_api","functional","","","","LOYALTY_CARD","","","","","True","False","False","SHOW_CARD_DETAILS","single","SHOW_CARD_DETAILS","1","wallet_api"
"Open the details for my Payback card.","WALLET","CHECK","CARD_DETAILS","wallet_api","functional","","","","LOYALTY_CARD","","","","","True","False","False","SHOW_CARD_DETAILS","single","SHOW_CARD_DETAILS","1","wallet_api"
"Show my saved Payback card information.","WALLET","CHECK","CARD_DETAILS","wallet_api","functional","","","","LOYALTY_CARD","","","","","True","False","False","SHOW_CARD_DETAILS","single","SHOW_CARD_DETAILS","1","wallet_api"
"Can I see the information stored for my Payback card?","WALLET","CHECK","CARD_DETAILS","wallet_api","functional","","","","LOYALTY_CARD","","","","","True","False","False","SHOW_CARD_DETAILS","single","SHOW_CARD_DETAILS","1","wallet_api"
"Display my Payback card details.","WALLET","CHECK","CARD_DETAILS","wallet_api","functional","","","","LOYALTY_CARD","","","","","True","False","False","SHOW_CARD_DETAILS","single","SHOW_CARD_DETAILS","1","wallet_api"
"What information is saved for my loyalty card?","WALLET","CHECK","CARD_DETAILS","wallet_api","functional","","","","LOYALTY_CARD","","","","","True","False","False","SHOW_CARD_DETAILS","single","SHOW_CARD_DETAILS","1","wallet_api"
"Show the details of my loyalty card.","WALLET","CHECK","CARD_DETAILS","wallet_api","functional","","","","LOYALTY_CARD","","","","","True","False","False","SHOW_CARD_DETAILS","single","SHOW_CARD_DETAILS","1","wallet_api"
"Open the saved card information.","WALLET","CHECK","CARD_DETAILS","wallet_api","functional","","","","LOYALTY_CARD","","","","","True","False","False","SHOW_CARD_DETAILS","single","SHOW_CARD_DETAILS","1","wallet_api"
"Tell me which Payback card I have saved.","WALLET","CHECK","CARD_DETAILS","wallet_api","functional","","","","LOYALTY_CARD","","","","","True","False","False","SHOW_CARD_DETAILS","single","SHOW_CARD_DETAILS","1","wallet_api"
"Show my Payback card and then display its barcode.","WALLET","SHOW","CARD_WORKFLOW","wallet_api","functional","","","","LOYALTY_CARD","","","","","True","False","False","DISPLAY_CARD","sequential","DISPLAY_CARD > DISPLAY_CARD_BARCODE","2","wallet_api > wallet_api"
"Open my Payback card and show me the barcode.","WALLET","SHOW","CARD_WORKFLOW","wallet_api","functional","","","","LOYALTY_CARD","","","","","True","False","False","DISPLAY_CARD","sequential","DISPLAY_CARD > DISPLAY_CARD_BARCODE","2","wallet_api > wallet_api"
"Bring up my Payback card and make the barcode visible.","WALLET","SHOW","CARD_WORKFLOW","wallet_api","functional","","","","LOYALTY_CARD","","","","","True","False","False","DISPLAY_CARD","sequential","DISPLAY_CARD > DISPLAY_CARD_BARCODE","2","wallet_api > wallet_api"
"Show my loyalty card and then open its barcode.","WALLET","SHOW","CARD_WORKFLOW","wallet_api","functional","","","","LOYALTY_CARD","","","","","True","False","False","DISPLAY_CARD","sequential","DISPLAY_CARD > DISPLAY_CARD_BARCODE","2","wallet_api > wallet_api"
"Open Payback and display the code I need to scan.","WALLET","SHOW","CARD_WORKFLOW","wallet_api","functional","","","","LOYALTY_CARD","","","","","True","False","False","DISPLAY_CARD","sequential","DISPLAY_CARD > DISPLAY_CARD_BARCODE","2","wallet_api > wallet_api"
"I need my Payback card, then show me the scanning code.","WALLET","SHOW","CARD_WORKFLOW","wallet_api","functional","","","","LOYALTY_CARD","","","","","True","False","False","DISPLAY_CARD","sequential","DISPLAY_CARD > DISPLAY_CARD_BARCODE","2","wallet_api > wallet_api"
"Display my Payback card and its barcode for checkout.","WALLET","SHOW","CARD_WORKFLOW","wallet_api","functional","","","","LOYALTY_CARD","","","","","True","False","False","DISPLAY_CARD","sequential","DISPLAY_CARD > DISPLAY_CARD_BARCODE","2","wallet_api > wallet_api"
"Pull up my Payback card and show the QR code.","WALLET","SHOW","CARD_WORKFLOW","wallet_api","functional","","","","LOYALTY_CARD","","","","","True","False","False","DISPLAY_CARD","sequential","DISPLAY_CARD > DISPLAY_CARD_BARCODE","2","wallet_api > wallet_api"
"Open my saved Payback card, then show the barcode.","WALLET","SHOW","CARD_WORKFLOW","wallet_api","functional","","","","LOYALTY_CARD","","","","","True","False","False","DISPLAY_CARD","sequential","DISPLAY_CARD > DISPLAY_CARD_BARCODE","2","wallet_api > wallet_api"
"Show my Payback card first and then its scannable code.","WALLET","SHOW","CARD_WORKFLOW","wallet_api","functional","","","","LOYALTY_CARD","","","","","True","False","False","DISPLAY_CARD","sequential","DISPLAY_CARD > DISPLAY_CARD_BARCODE","2","wallet_api > wallet_api"
"Select my Payback card and display it.","WALLET","SHOW","CARD_WORKFLOW","wallet_api","functional","","","","LOYALTY_CARD","","","","","True","False","False","SELECT_WALLET_CARD","sequential","SELECT_WALLET_CARD > DISPLAY_CARD","2","wallet_api > wallet_api"
"Choose Payback and then show my card.","WALLET","SHOW","CARD_WORKFLOW","wallet_api","functional","","","","LOYALTY_CARD","","","","","True","False","False","SELECT_WALLET_CARD","sequential","SELECT_WALLET_CARD > DISPLAY_CARD","2","wallet_api > wallet_api"
"Make Payback active and open the card.","WALLET","SHOW","CARD_WORKFLOW","wallet_api","functional","","","","LOYALTY_CARD","","","","","True","False","False","SELECT_WALLET_CARD","sequential","SELECT_WALLET_CARD > DISPLAY_CARD","2","wallet_api > wallet_api"
"Select my Payback loyalty card and show it.","WALLET","SHOW","CARD_WORKFLOW","wallet_api","functional","","","","LOYALTY_CARD","","","","","True","False","False","SELECT_WALLET_CARD","sequential","SELECT_WALLET_CARD > DISPLAY_CARD","2","wallet_api > wallet_api"
"Use Payback and display the card for me.","WALLET","SHOW","CARD_WORKFLOW","wallet_api","functional","","","","LOYALTY_CARD","","","","","True","False","False","SELECT_WALLET_CARD","sequential","SELECT_WALLET_CARD > DISPLAY_CARD","2","wallet_api > wallet_api"
"Set Payback as my card and bring it up.","WALLET","SHOW","CARD_WORKFLOW","wallet_api","functional","","","","LOYALTY_CARD","","","","","True","False","False","SELECT_WALLET_CARD","sequential","SELECT_WALLET_CARD > DISPLAY_CARD","2","wallet_api > wallet_api"
"Choose the Payback card and show its barcode.","WALLET","SHOW","CARD_WORKFLOW","wallet_api","functional","","","","LOYALTY_CARD","","","","","True","False","False","SELECT_WALLET_CARD","sequential","SELECT_WALLET_CARD > DISPLAY_CARD_BARCODE","2","wallet_api > wallet_api"
"Select Payback and open the barcode.","WALLET","SHOW","CARD_WORKFLOW","wallet_api","functional","","","","LOYALTY_CARD","","","","","True","False","False","SELECT_WALLET_CARD","sequential","SELECT_WALLET_CARD > DISPLAY_CARD_BARCODE","2","wallet_api > wallet_api"
"Make my Payback card active and show its code.","WALLET","SHOW","CARD_WORKFLOW","wallet_api","functional","","","","LOYALTY_CARD","","","","","True","False","False","SELECT_WALLET_CARD","sequential","SELECT_WALLET_CARD > DISPLAY_CARD_BARCODE","2","wallet_api > wallet_api"
"Use my Payback card and display the scanning code.","WALLET","SHOW","CARD_WORKFLOW","wallet_api","functional","","","","LOYALTY_CARD","","","","","True","False","False","SELECT_WALLET_CARD","sequential","SELECT_WALLET_CARD > DISPLAY_CARD_BARCODE","2","wallet_api > wallet_api"
"Recommend a good frozen pizza.","RECOMMENDATION","RECOMMEND","PRODUCT","recommendation_engine","hybrid","Frozen Pizza","","","Frozen Food","","","","",,,,"RECOMMEND_PRODUCT","single","RECOMMEND_PRODUCT","1","recommendation_engine"
"Can you recommend a coffee for everyday use?","RECOMMENDATION","RECOMMEND","PRODUCT","recommendation_engine","hybrid","Coffee","","","Beverages","","","","",,,,"RECOMMEND_PRODUCT","single","RECOMMEND_PRODUCT","1","recommendation_engine"
"What breakfast cereal would you recommend?","RECOMMENDATION","RECOMMEND","PRODUCT","recommendation_engine","hybrid","Breakfast Cereal","","","Breakfast Food","","","","",,,,"RECOMMEND_PRODUCT","single","RECOMMEND_PRODUCT","1","recommendation_engine"
"Suggest a healthy snack for me.","RECOMMENDATION","RECOMMEND","PRODUCT","recommendation_engine","hybrid","","","","Healthy Snacks","","","","",,,,"RECOMMEND_PRODUCT","",,,
"Which laundry detergent should I buy?","RECOMMENDATION","RECOMMEND","PRODUCT","recommendation_engine","hybrid","Laundry Detergent","","","Household Products","","","","",,,,"RECOMMEND_PRODUCT","",,,
"Help me choose a good orange juice.","RECOMMENDATION","RECOMMEND","PRODUCT","recommendation_engine","hybrid","Orange Juice","","","Beverages","","","","",,,,"RECOMMEND_PRODUCT","",,,
"Recommend a yoghurt for breakfast.","RECOMMENDATION","RECOMMEND","PRODUCT","recommendation_engine","hybrid","Yoghurt","","","Dairy","","","","",,,,"RECOMMEND_PRODUCT","",,,
"What type of bread would you suggest?","RECOMMENDATION","RECOMMEND","PRODUCT","recommendation_engine","hybrid","Bread","","","Bakery","","","","",,,,"RECOMMEND_PRODUCT","",,,
"Can you recommend a reliable shampoo?","RECOMMENDATION","RECOMMEND","PRODUCT","recommendation_engine","hybrid","Shampoo","","","Personal Care","","","","",,,,"RECOMMEND_PRODUCT","",,,
"Suggest a good frozen meal.","RECOMMENDATION","RECOMMEND","PRODUCT","recommendation_engine","hybrid","Frozen Meal","","","Frozen Food","","","","",,,,"RECOMMEND_PRODUCT","",,,
"Which pasta would you recommend?","RECOMMENDATION","RECOMMEND","PRODUCT","recommendation_engine","hybrid","Pasta","","","Pasta","","","","",,,,"RECOMMEND_PRODUCT","",,,
"Recommend an affordable chocolate bar.","RECOMMENDATION","RECOMMEND","PRODUCT","recommendation_engine","hybrid","Chocolate Bar","","","Sweets","","2.0","","",,,,"RECOMMEND_PRODUCT","",,,
"What ice cream should I try?","RECOMMENDATION","RECOMMEND","PRODUCT","recommendation_engine","hybrid","Ice Cream","","","Frozen Desserts","","","","",,,,"RECOMMEND_PRODUCT","",,,
"Recommend a soft drink for a party.","RECOMMENDATION","RECOMMEND","PRODUCT","recommendation_engine","hybrid","Soft Drink","","","Beverages","","","","",,,,"RECOMMEND_PRODUCT","",,,
"Can you suggest a good rice product?","RECOMMENDATION","RECOMMEND","PRODUCT","recommendation_engine","hybrid","Rice","","","Rice","","","","",,,,"RECOMMEND_PRODUCT","",,,
"Recommend a breakfast product under €5.","RECOMMENDATION","RECOMMEND","PRODUCT","recommendation_engine","hybrid","","","","Breakfast Food","","5.0","","",,,,"RECOMMEND_PRODUCT","",,,
"Which coffee would you recommend for less than €10?","RECOMMENDATION","RECOMMEND","PRODUCT","recommendation_engine","hybrid","Coffee","","","Beverages","","10.0","","",,,,"RECOMMEND_PRODUCT","",,,
"Suggest a snack between €2 and €4.","RECOMMENDATION","RECOMMEND","PRODUCT","recommendation_engine","hybrid","","","","Snacks","2.0","4.0","","",,,,"RECOMMEND_PRODUCT","",,,
"Recommend a Coca-Cola drink.","RECOMMENDATION","RECOMMEND","PRODUCT","recommendation_engine","hybrid","Soft Drink","","Coca-Cola","Beverages","","","","",,,,"RECOMMEND_PRODUCT","",,,
"Which Nivea shampoo would you suggest?","RECOMMENDATION","RECOMMEND","PRODUCT","recommendation_engine","hybrid","Shampoo","","Nivea","Personal Care","","","","",,,,"RECOMMEND_PRODUCT","",,,
"Recommend a vegetarian frozen pizza.","RECOMMENDATION","RECOMMEND","PRODUCT","recommendation_engine","hybrid","Frozen Pizza","","","Vegetarian Food","","","","",,,,"RECOMMEND_PRODUCT","",,,
"Suggest a vegan breakfast product.","RECOMMENDATION","RECOMMEND","PRODUCT","recommendation_engine","hybrid","","","","Vegan Breakfast Food","","","","",,,,"RECOMMEND_PRODUCT","",,,
"What protein-rich snack would you recommend?","RECOMMENDATION","RECOMMEND","PRODUCT","recommendation_engine","hybrid","","","","Protein Snacks","","","","",,,,"RECOMMEND_PRODUCT","",,,
"Recommend a cleaning product under €6.","RECOMMENDATION","RECOMMEND","PRODUCT","recommendation_engine","hybrid","Cleaning Product","","","Household Products","","6.0","","",,,,"RECOMMEND_PRODUCT","",,,
"What snack would be suitable for children?","RECOMMENDATION","RECOMMEND","PRODUCT","recommendation_engine","hybrid","","","","Children's Snacks","","","","",,,,"RECOMMEND_PRODUCT","",,,
"Recommend a good supermarket near me.","RECOMMENDATION","RECOMMEND","MERCHANT","recommendation_engine","hybrid","","","","Supermarket","","","CURRENT_LOCATION","1500.0",,,,"RECOMMEND_MERCHANT","",,,
"Which grocery store would you recommend?","RECOMMENDATION","RECOMMEND","MERCHANT","recommendation_engine","hybrid","","","","Grocery Store","","","","",,,,"RECOMMEND_MERCHANT","",,,
"Suggest a supermarket with affordable prices.","RECOMMENDATION","RECOMMEND","MERCHANT","recommendation_engine","hybrid","","","","Supermarket","","","","",,,,"RECOMMEND_MERCHANT","",,,
"Where should I shop for fresh vegetables?","RECOMMENDATION","RECOMMEND","MERCHANT","recommendation_engine","hybrid","","","","Fresh Produce","","","","",,,,"RECOMMEND_MERCHANT","",,,
"Which nearby store is best for weekly groceries?","RECOMMENDATION","RECOMMEND","MERCHANT","recommendation_engine","hybrid","","","","Grocery Store","","","CURRENT_LOCATION","1500.0",,,,"RECOMMEND_MERCHANT","",,,
"Can you recommend a reliable supermarket?","RECOMMENDATION","RECOMMEND","MERCHANT","recommendation_engine","hybrid","","","","Supermarket","","","","",,,,"RECOMMEND_MERCHANT","",,,
"Suggest a good organic grocery store.","RECOMMENDATION","RECOMMEND","MERCHANT","recommendation_engine","hybrid","","","","Organic Grocery Store","","","","",,,,"RECOMMEND_MERCHANT","",,,
"Which supermarket is best for family shopping?","RECOMMENDATION","RECOMMEND","MERCHANT","recommendation_engine","hybrid","","","","Supermarket","","","","",,,,"RECOMMEND_MERCHANT","",,,
"Recommend a shop for household products.","RECOMMENDATION","RECOMMEND","MERCHANT","recommendation_engine","hybrid","","","","Household Products","","","","",,,,"RECOMMEND_MERCHANT","",,,
"Which nearby merchant would you suggest for snacks?","RECOMMENDATION","RECOMMEND","MERCHANT","recommendation_engine","hybrid","","","","Snacks","","","CURRENT_LOCATION","1500.0",,,,"RECOMMEND_MERCHANT","",,,
"Recommend a supermarket for budget shopping.","RECOMMENDATION","RECOMMEND","MERCHANT","recommendation_engine","hybrid","","","","Budget Grocery","","","","",,,,"RECOMMEND_MERCHANT","",,,
"Where should I buy good dairy products?","RECOMMENDATION","RECOMMEND","MERCHANT","recommendation_engine","hybrid","","","","Dairy","","","","",,,,"RECOMMEND_MERCHANT","",,,
"Suggest a merchant with a wide grocery selection.","RECOMMENDATION","RECOMMEND","MERCHANT","recommendation_engine","hybrid","","","","Grocery Store","","","","",,,,"RECOMMEND_MERCHANT","",,,
"Which grocery store offers the best value for money?","RECOMMENDATION","RECOMMEND","MERCHANT","recommendation_engine","hybrid","","","","Grocery Store","","","","",,,,"RECOMMEND_MERCHANT","",,,
"Recommend an alternative to Lidl near me.","RECOMMENDATION","RECOMMEND","MERCHANT","recommendation_engine","hybrid","","Lidl","","Supermarket","","","CURRENT_LOCATION","1500.0",,,,"RECOMMEND_MERCHANT","",,,
"Which supermarket would you choose for fresh fruit?","RECOMMENDATION","RECOMMEND","MERCHANT","recommendation_engine","hybrid","","","","Fruit","","","","",,,,"RECOMMEND_MERCHANT","",,,
"Recommend a merchant for frozen food.","RECOMMENDATION","RECOMMEND","MERCHANT","recommendation_engine","hybrid","","","","Frozen Food","","","","",,,,"RECOMMEND_MERCHANT","",,,
"Suggest the best supermarket for students.","RECOMMENDATION","RECOMMEND","MERCHANT","recommendation_engine","hybrid","","","","Supermarket","","","","",,,,"RECOMMEND_MERCHANT","",,,
"Which grocery store is known for high-quality products?","RECOMMENDATION","RECOMMEND","MERCHANT","recommendation_engine","hybrid","","","","Grocery Store","","","","",,,,"RECOMMEND_MERCHANT","",,,
"Recommend a nearby supermarket with good service.","RECOMMENDATION","RECOMMEND","MERCHANT","recommendation_engine","hybrid","","","","Supermarket","","","CURRENT_LOCATION","1500.0",,,,"RECOMMEND_MERCHANT","",,,
"Suggest a shop with many international products.","RECOMMENDATION","RECOMMEND","MERCHANT","recommendation_engine","hybrid","","","","International Food","","","","",,,,"RECOMMEND_MERCHANT","",,,
"Recommend a merchant that sells premium groceries.","RECOMMENDATION","RECOMMEND","MERCHANT","recommendation_engine","hybrid","","","","Premium Grocery","","","","",,,,"RECOMMEND_MERCHANT","",,,
"Which supermarket is best for shopping under €30?","RECOMMENDATION","RECOMMEND","MERCHANT","recommendation_engine","hybrid","","","","Supermarket","","30.0","","",,,,"RECOMMEND_MERCHANT","",,,
"Recommend a grocery store for healthy food in Hamburg.","RECOMMENDATION","RECOMMEND","MERCHANT","recommendation_engine","hybrid","","","","Healthy Food","","","Hamburg","",,,,"RECOMMEND_MERCHANT","",,,
"Which supermarket within two kilometres would you recommend?","RECOMMENDATION","RECOMMEND","MERCHANT","recommendation_engine","hybrid","","","","Supermarket","","","CURRENT_LOCATION","2000.0",,,,"RECOMMEND_MERCHANT","",,,
"Recommend the best grocery offer available today.","RECOMMENDATION","RECOMMEND","OFFER","recommendation_engine","hybrid","","","","Groceries","","","","",,,,"RECOMMEND_OFFER","",,,
"Which current discount would you recommend?","RECOMMENDATION","RECOMMEND","OFFER","recommendation_engine","hybrid","","","","","","","","",,,,"RECOMMEND_OFFER","",,,
"Suggest a good cashback offer for me.","RECOMMENDATION","RECOMMEND","OFFER","recommendation_engine","hybrid","","","","Cashback","","","","",,,,"RECOMMEND_OFFER","",,,
"Recommend the best coffee deal this week.","RECOMMENDATION","RECOMMEND","OFFER","recommendation_engine","hybrid","Coffee","","","Beverages","","","","",,,,"RECOMMEND_OFFER","",,,
"Which supermarket offer would save me the most money?","RECOMMENDATION","RECOMMEND","OFFER","recommendation_engine","hybrid","","","","Supermarket Offers","","","","",,,,"RECOMMEND_OFFER","",,,
"Can you recommend a discount on frozen pizza?","RECOMMENDATION","RECOMMEND","OFFER","recommendation_engine","hybrid","Frozen Pizza","","","Frozen Food","","","","",,,,"RECOMMEND_OFFER","",,,
"Suggest a worthwhile offer from REWE.","RECOMMENDATION","RECOMMEND","OFFER","recommendation_engine","hybrid","","REWE","","","","","","",,,,"RECOMMEND_OFFER","",,,
"Recommend a Lidl promotion for household products.","RECOMMENDATION","RECOMMEND","OFFER","recommendation_engine","hybrid","","Lidl","","Household Products","","","","",,,,"RECOMMEND_OFFER","",,,
"Which offer is best for buying snacks?","RECOMMENDATION","RECOMMEND","OFFER","recommendation_engine","hybrid","","","","Snacks","","","","",,,,"RECOMMEND_OFFER","",,,
"Recommend a good deal on laundry detergent.","RECOMMENDATION","RECOMMEND","OFFER","recommendation_engine","hybrid","Laundry Detergent","","","Household Products","","","","",,,,"RECOMMEND_OFFER","",,,
"Suggest the best beverage promotion near me.","RECOMMENDATION","RECOMMEND","OFFER","recommendation_engine","hybrid","","","","Beverages","","","CURRENT_LOCATION","1500.0",,,,"RECOMMEND_OFFER","",,,
"Which coffee offer under €5 would you recommend?","RECOMMENDATION","RECOMMEND","OFFER","recommendation_engine","hybrid","Coffee","","","Beverages","","5.0","","",,,,"RECOMMEND_OFFER","",,,
"Recommend a discount for Coca-Cola products.","RECOMMENDATION","RECOMMEND","OFFER","recommendation_engine","hybrid","","","Coca-Cola","Beverages","","","","",,,,"RECOMMEND_OFFER","",,,
"What is the best offer on breakfast cereal?","RECOMMENDATION","RECOMMEND","OFFER","recommendation_engine","hybrid","Breakfast Cereal","","","Breakfast Food","","","","",,,,"RECOMMEND_OFFER","",,,
"Suggest a grocery deal between €10 and €20.","RECOMMENDATION","RECOMMEND","OFFER","recommendation_engine","hybrid","","","","Groceries","10.0","20.0","","",,,,"RECOMMEND_OFFER","",,,
"Recommend an offer for fresh fruit.","RECOMMENDATION","RECOMMEND","OFFER","recommendation_engine","hybrid","","","","Fruit","","","","",,,,"RECOMMEND_OFFER","",,,
"Which dairy promotion is worth using?","RECOMMENDATION","RECOMMEND","OFFER","recommendation_engine","hybrid","","","","Dairy","","","","",,,,"RECOMMEND_OFFER","",,,
"Recommend the best personal-care deal.","RECOMMENDATION","RECOMMEND","OFFER","recommendation_engine","hybrid","","","","Personal Care","","","","",,,,"RECOMMEND_OFFER","",,,
"Suggest a discount on vegan food.","RECOMMENDATION","RECOMMEND","OFFER","recommendation_engine","hybrid","","","","Vegan Food","","","","",,,,"RECOMMEND_OFFER","",,,
"Which frozen-food offer should I choose?","RECOMMENDATION","RECOMMEND","OFFER","recommendation_engine","hybrid","","","","Frozen Food","","","","",,,,"RECOMMEND_OFFER","",,,
"Recommend a good deal available in Hamburg.","RECOMMENDATION","RECOMMEND","OFFER","recommendation_engine","hybrid","","","","","","","Hamburg","",,,,"RECOMMEND_OFFER","",,,
"Suggest the best offer within one kilometre.","RECOMMENDATION","RECOMMEND","OFFER","recommendation_engine","hybrid","","","","","","","CURRENT_LOCATION","1000.0",,,,"RECOMMEND_OFFER","",,,
"Which REWE coffee promotion would you recommend?","RECOMMENDATION","RECOMMEND","OFFER","recommendation_engine","hybrid","Coffee","REWE","","Beverages","","","","",,,,"RECOMMEND_OFFER","",,,
"Recommend an offer that gives the highest savings.","RECOMMENDATION","RECOMMEND","OFFER","recommendation_engine","hybrid","","","","","","","","",,,,"RECOMMEND_OFFER","",,,
"What household-products deal should I use this week?","RECOMMENDATION","RECOMMEND","OFFER","recommendation_engine","hybrid","","","","Household Products","","","","",,,,"RECOMMEND_OFFER","",,,
"Recommend products based on my previous purchases.","RECOMMENDATION","RECOMMEND","PERSONALIZED","recommendation_engine","hybrid","","","","","","","","",,,,"RECOMMEND_PERSONALIZED","",,,
"What would you suggest based on my shopping history?","RECOMMENDATION","RECOMMEND","PERSONALIZED","recommendation_engine","hybrid","","","","","","","","",,,,"RECOMMEND_PERSONALIZED","",,,
"Give me personalized product recommendations.","RECOMMENDATION","RECOMMEND","PERSONALIZED","recommendation_engine","hybrid","","","","","","","","",,,,"RECOMMEND_PERSONALIZED","",,,
"Suggest offers similar to the ones I usually use.","RECOMMENDATION","RECOMMEND","PERSONALIZED","recommendation_engine","hybrid","","","","","","","","",,,,"RECOMMEND_PERSONALIZED","",,,
"Recommend something I might like based on my profile.","RECOMMENDATION","RECOMMEND","PERSONALIZED","recommendation_engine","hybrid","","","","","","","","",,,,"RECOMMEND_PERSONALIZED","",,,
"What products match my usual shopping habits?","RECOMMENDATION","RECOMMEND","PERSONALIZED","recommendation_engine","hybrid","","","","","","","","",,,,"RECOMMEND_PERSONALIZED","",,,
"Recommend groceries based on what I buy most often.","RECOMMENDATION","RECOMMEND","PERSONALIZED","recommendation_engine","hybrid","","","","Groceries","","","","",,,,"RECOMMEND_PERSONALIZED","",,,
"Suggest a coffee product based on my past orders.","RECOMMENDATION","RECOMMEND","PERSONALIZED","recommendation_engine","hybrid","Coffee","","","Beverages","","","","",,,,"RECOMMEND_PERSONALIZED","",,,
"Which supermarket would suit my shopping history?","RECOMMENDATION","RECOMMEND","PERSONALIZED","recommendation_engine","hybrid","","","","Supermarket","","","","",,,,"RECOMMEND_PERSONALIZED","",,,
"Recommend a deal based on my previous redemptions.","RECOMMENDATION","RECOMMEND","PERSONALIZED","recommendation_engine","hybrid","","","","","","","","",,,,"RECOMMEND_PERSONALIZED","",,,
"Suggest healthy food that fits my usual preferences.","RECOMMENDATION","RECOMMEND","PERSONALIZED","recommendation_engine","hybrid","","","","Healthy Food","","","","",,,,"RECOMMEND_PERSONALIZED","",,,
"Recommend products similar to my recent purchases.","RECOMMENDATION","RECOMMEND","PERSONALIZED","recommendation_engine","hybrid","","","","","","","","",,,,"RECOMMEND_PERSONALIZED","",,,
"What should I buy next based on my purchase history?","RECOMMENDATION","RECOMMEND","PERSONALIZED","recommendation_engine","hybrid","","","","","","","","",,,,"RECOMMEND_PERSONALIZED","",,,
"Give me recommendations that match my favourite brands.","RECOMMENDATION","RECOMMEND","PERSONALIZED","recommendation_engine","hybrid","","","","","","","","",,,,"RECOMMEND_PERSONALIZED","",,,
"Suggest something within my usual €20 budget.","RECOMMENDATION","RECOMMEND","PERSONALIZED","recommendation_engine","hybrid","","","","","","20.0","","",,,,"RECOMMEND_PERSONALIZED","",,,
"Recommend a breakfast item based on what I normally buy.","RECOMMENDATION","RECOMMEND","PERSONALIZED","recommendation_engine","hybrid","","","","Breakfast Food","","","","",,,,"RECOMMEND_PERSONALIZED","",,,
"Which offers are most relevant to my shopping habits?","RECOMMENDATION","RECOMMEND","PERSONALIZED","recommendation_engine","hybrid","","","","","","","","",,,,"RECOMMEND_PERSONALIZED","",,,
"Suggest a nearby supermarket based on stores I visit often.","RECOMMENDATION","RECOMMEND","PERSONALIZED","recommendation_engine","hybrid","","","","Supermarket","","","CURRENT_LOCATION","1500.0",,,,"RECOMMEND_PERSONALIZED","",,,
"Recommend a snack similar to the ones I bought before.","RECOMMENDATION","RECOMMEND","PERSONALIZED","recommendation_engine","hybrid","","","","Snacks","","","","",,,,"RECOMMEND_PERSONALIZED","",,,
"What personalised grocery deal should I use today?","RECOMMENDATION","RECOMMEND","PERSONALIZED","recommendation_engine","hybrid","","","","Groceries","","","","",,,,"RECOMMEND_PERSONALIZED","",,,
"Recommend products based on my saved preferences.","RECOMMENDATION","RECOMMEND","PERSONALIZED","recommendation_engine","hybrid","","","","","","","","",,,,"RECOMMEND_PERSONALIZED","",,,
"Suggest an affordable product that matches my past choices.","RECOMMENDATION","RECOMMEND","PERSONALIZED","recommendation_engine","hybrid","","","","","","","","",,,,"RECOMMEND_PERSONALIZED","",,,
"Which merchant best matches my usual purchases?","RECOMMENDATION","RECOMMEND","PERSONALIZED","recommendation_engine","hybrid","","","","Merchant","","","","",,,,"RECOMMEND_PERSONALIZED","single","RECOMMEND_PRODUCT","1","recommendation_engine"
"Recommend a Coca-Cola offer based on my buying history.","RECOMMENDATION","RECOMMEND","PERSONALIZED","recommendation_engine","hybrid","","","Coca-Cola","Beverages","","","","",,,,"RECOMMEND_PERSONALIZED","single","RECOMMEND_PRODUCT","1","recommendation_engine"
"Build a personalised shopping recommendation for me.","RECOMMENDATION","RECOMMEND","PERSONALIZED","recommendation_engine","hybrid","","","","","","","","",,,,"RECOMMEND_PERSONALIZED","single","RECOMMEND_PRODUCT","1","recommendation_engine"
"","","","","","","","","","","","","","",,,,"","single","RECOMMEND_PRODUCT","1","recommendation_engine"
"","","","","","","","","","","","","","",,,,"","single","RECOMMEND_PRODUCT","1","recommendation_engine"
